Workbook

Sheet country
A1: Country
A2: Democratic Republic of the Congo
A3: Kazakhstan
A4: Bolivia
A5: Yemen
A6: Vietnam
A7: Argentina
A8: Australia
A9: Belgium
A10: Brazil
A11: Canada
A12: China
... A41: United States

Sheet energy_duty
B1: 0 | C1: 2.5 | D1: 5 | E1: 7.5 | F1: 10 | G1: 12.5 | H1: 15 | I1: 17.5 | J1: 20 | K1: 22.5 | L1: 25 | M1: 27.5 | N1: 30 | O1: 32.5 | P1: 35 | Q1: 37.5 | R1: 40
A2: 0 | B2: 28.168824 | C2: 27.922835 | D2: 27.830286 | E2: 27.737738 | F2: 27.905625 | G2: 28.073512 | H2: 26.84351 | I2: 25.613508 | J2: 24.927032 | K2: 24.240556 | L2: 23.334211 | M2: 22.427866 | N2: 22.159177 | O2: 21.890487 | P2: 21.523805 | Q2: 21.157122 | R2: 20.255835
A3: 5 | B3: 33.71705 | C3: 32.222222 | D3: 31.441441 | E3: 30.660661 | F3: 29.479479 | G3: 28.298298 | H3: 26.416416 | I3: 24.534535 | J3: 25.095095 | K3: 25.655656 | L3: 24.634635 | M3: 23.613614 | N3: 23.773774 | O3: 23.933934 | P3: 23.533534 | Q3: 23.133133 | R3: 21.170599
A4: 10 | B4: 32.746079 | C4: 32.062062 | D4: 30.930931 | E4: 29.7998 | F4: 29.319319 | G4: 28.838839 | H4: 27.357357 | I4: 25.875876 | J4: 25.955956 | K4: 26.036036 | L4: 24.984985 | M4: 23.933934 | N4: 23.653654 | O4: 23.373373 | P4: 22.902903 | Q4: 22.432432 | R4: 21.07803
A5: 15 | B5: 31.775108 | C5: 31.901902 | D5: 30.42042 | E5: 28.938939 | F5: 29.159159 | G5: 29.379379 | H5: 28.298298 | I5: 27.217217 | J5: 26.816817 | K5: 26.416416 | L5: 25.335335 | M5: 24.254254 | N5: 23.533534 | O5: 22.812813 | P5: 22.272272 | Q5: 21.731732 | R5: 20.985462
A6: 20 | B6: 32.077411 | C6: 31.981982 | D6: 30.770771 | E6: 29.55956 | F6: 29.58959 | G6: 29.61962 | H6: 28.528529 | I6: 27.437437 | J6: 26.306306 | K6: 25.175175 | L6: 24.434434 | M6: 23.693694 | N6: 23.293293 | O6: 22.892893 | P6: 22.272272 | Q6: 21.651652 | R6: 20.47905
A7: 25 | B7: 32.379713 | C7: 32.062062 | D7: 31.121121 | E7: 30.18018 | F7: 30.02002 | G7: 29.85986 | H7: 28.758759 | I7: 27.657658 | J7: 25.795796 | K7: 23.933934 | L7: 23.533534 | M7: 23.133133 | N7: 23.053053 | O7: 22.972973 | P7: 22.272272 | Q7: 21.571572 | R7: 19.972639
A8: 30 | B8: 32.934935 | C8: 32.282282 | D8: 31.461461 | E8: 30.640641 | F8: 30.06006 | G8: 29.479479 | H8: 28.538539 | I8: 27.597598 | J8: 26.386386 | K8: 25.175175 | L8: 24.354354 | M8: 23.533534 | N8: 23.143143 | O8: 22.752753 | P8: 22.242242 | Q8: 21.731732 | R8: 20.199438
A9: 35 | B9: 33.490157 | C9: 32.502503 | D9: 31.801802 | E9: 31.101101 | F9: 30.1001 | G9: 29.099099 | H9: 28.318318 | I9: 27.537538 | J9: 26.976977 | K9: 26.416416 | L9: 25.175175 | M9: 23.933934 | N9: 23.233233 | O9: 22.532533 | P9: 22.212212 | Q9: 21.891892 | R9: 20.426236
A10: 40 | B10: 34.38038 | C10: 33.443443 | D10: 32.512513 | E10: 31.581582 | F10: 30.570571 | G10: 29.55956 | H10: 28.818819 | I10: 28.078078 | J10: 26.936937 | K10: 25.795796 | L10: 24.824825 | M10: 23.853854 | N10: 23.343343 | O10: 22.832833 | P10: 22.442442 | Q10: 22.052052 | R10: 20.246914
A11: 45 | B11: 35.270604 | C11: 34.384384 | D11: 33.223223 | E11: 32.062062 | F11: 31.041041 | G11: 30.02002 | H11: 29.319319 | I11: 28.618619 | J11: 26.896897 | K11: 25.175175 | L11: 24.474474 | M11: 23.773774 | N11: 23.453453 | O11: 23.133133 | P11: 22.672673 | Q11: 22.212212 | R11: 20.067591
A12: 50 | B12: 34.554555 | C12: 33.683684 | D12: 32.832833 | E12: 31.981982 | F12: 31.081081 | G12: 30.18018 | H12: 29.399399 | I12: 28.618619 | J12: 27.247247 | K12: 25.875876 | L12: 25.135135 | M12: 24.394394 | N12: 23.533534 | O12: 22.672673 | P12: 22.442442 | Q12: 22.212212 | R12: 20.333476
A13: 55 | B13: 33.838505 | C13: 32.982983 | D13: 32.442442 | E13: 31.901902 | F13: 31.121121 | G13: 30.34034 | H13: 29.479479 | I13: 28.618619 | J13: 27.597598 | K13: 26.576577 | L13: 25.795796 | M13: 25.015015 | N13: 23.613614 | O13: 22.212212 | P13: 22.212212 | Q13: 22.212212 | R13: 20.599361
... A22: 100 | B22: 46.658284 | C22: 44.999561 | D22: 41.367332 | E22: 37.735104 | F22: 35.164814 | G22: 32.594524 | H22: 32.121771 | I22: 31.649017 | J22: 30.526316 | K22: 29.403614 | L22: 28.332192 | M22: 27.26077 | N22: 26.486311 | O22: 25.711852 | P22: 25.054353 | Q22: 24.396853 | R22: 21.155923

Sheet env_condition
A1: Country | B1: Temperature | C1: Relative humidity
A2: Sub-saharan africa | B2: 25.978 | C2: 78.215
A3: Other eurasia | B3: 14.049 | C3: 59.94
A4: Other latin america | B4: 14.377 | C4: 78.215
A5: Middle east | B5: 24.207 | C5: 48.592
A6: Other Asia pacific | B6: 26.579 | C6: 86.658
A7: Argentina | B7: 17.62 | C7: 73.042
A8: Australia | B8: 13.755 | C8: 73.693
A9: Belgium | B9: 11.824 | C9: 81.077
A10: Brazil | B10: 22.067 | C10: 65.315
A11: Canada | B11: 8.614 | C11: 74.891
A12: China | B12: 13.375 | C12: 55.444
A13: Denmark | B13: 10.05 | C13: 81.598
... A41: United States | B41: 14.715 | C41: 70.638

Sheet co2_tax
A1: Country | B1: 2030 | C1: =B1+1 -> 2031 | D1: =C1+1 -> 2032 | E1: =D1+1 -> 2033 | F1: =E1+1 -> 2034 | G1: =F1+1 -> 2035 | H1: =G1+1 -> 2036 | I1: =H1+1 -> 2037 | J1: =I1+1 -> 2038 | ... BT1: =BS1+1 -> 2100
A2: Sub-saharan africa | B2: 0 | C2: =B2 -> 0 | D2: =C2 -> 0 | E2: =D2 -> 0 | F2: =E2 -> 0 | G2: =F2 -> 0 | H2: =G2 -> 0 | I2: =H2 -> 0 | J2: =I2 -> 0 | ... BT2: =BS2 -> 0
A3: Other eurasia | B3: 5.6530556 | C3: =B3 -> 5.6530556 | D3: =C3 -> 5.6530556 | E3: =D3 -> 5.6530556 | F3: =E3 -> 5.6530556 | G3: =F3 -> 5.6530556 | H3: =G3 -> 5.6530556 | I3: =H3 -> 5.6530556 | J3: =I3 -> 5.6530556 | ... BT3: =BS3 -> 5.6530556
A4: Other latin america | B4: 6.3871429 | C4: =B4 -> 6.3871429 | D4: =C4 -> 6.3871429 | E4: =D4 -> 6.3871429 | F4: =E4 -> 6.3871429 | G4: =F4 -> 6.3871429 | H4: =G4 -> 6.3871429 | I4: =H4 -> 6.3871429 | J4: =I4 -> 6.3871429 | ... BT4: =BS4 -> 6.3871429
A5: Middle east | B5: 0 | C5: =B5 -> 0 | D5: =C5 -> 0 | E5: =D5 -> 0 | F5: =E5 -> 0 | G5: =F5 -> 0 | H5: =G5 -> 0 | I5: =H5 -> 0 | J5: =I5 -> 0 | ... BT5: =BS5 -> 0
A6: Other Asia pacific | B6: 0.97210526 | C6: =B6 -> 0.97210526 | D6: =C6 -> 0.97210526 | E6: =D6 -> 0.97210526 | F6: =E6 -> 0.97210526 | G6: =F6 -> 0.97210526 | H6: =G6 -> 0.97210526 | I6: =H6 -> 0.97210526 | J6: =I6 -> 0.97210526 | ... BT6: =BS6 -> 0.97210526
A7: Argentina | B7: 0.81 | C7: =B7 -> 0.81 | D7: =C7 -> 0.81 | E7: =D7 -> 0.81 | F7: =E7 -> 0.81 | G7: =F7 -> 0.81 | H7: =G7 -> 0.81 | I7: =H7 -> 0.81 | J7: =I7 -> 0.81 | ... BT7: =BS7 -> 0.81
A8: Australia | B8: 0 | C8: =B8 -> 0 | D8: =C8 -> 0 | E8: =D8 -> 0 | F8: =E8 -> 0 | G8: =F8 -> 0 | H8: =G8 -> 0 | I8: =H8 -> 0 | J8: =I8 -> 0 | ... BT8: =BS8 -> 0
A9: Belgium | B9: 0 | C9: =B9 -> 0 | D9: =C9 -> 0 | E9: =D9 -> 0 | F9: =E9 -> 0 | G9: =F9 -> 0 | H9: =G9 -> 0 | I9: =H9 -> 0 | J9: =I9 -> 0 | ... BT9: =BS9 -> 0
A10: Brazil | B10: 0 | C10: =B10 -> 0 | D10: =C10 -> 0 | E10: =D10 -> 0 | F10: =E10 -> 0 | G10: =F10 -> 0 | H10: =G10 -> 0 | I10: =H10 -> 0 | J10: =I10 -> 0 | ... BT10: =BS10 -> 0
A11: Canada | B11: 58.94 | C11: =B11 -> 58.94 | D11: =C11 -> 58.94 | E11: =D11 -> 58.94 | F11: =E11 -> 58.94 | G11: =F11 -> 58.94 | H11: =G11 -> 58.94 | I11: =H11 -> 58.94 | J11: =I11 -> 58.94 | ... BT11: =BS11 -> 58.94
A12: China | B12: 0 | C12: =B12 -> 0 | D12: =C12 -> 0 | E12: =D12 -> 0 | F12: =E12 -> 0 | G12: =F12 -> 0 | H12: =G12 -> 0 | I12: =H12 -> 0 | J12: =I12 -> 0 | ... BT12: =BS12 -> 0
A13: Denmark | B13: 28.2 | C13: =B13 -> 28.2 | D13: =C13 -> 28.2 | E13: =D13 -> 28.2 | F13: =E13 -> 28.2 | G13: =F13 -> 28.2 | H13: =G13 -> 28.2 | I13: =H13 -> 28.2 | J13: =I13 -> 28.2 | ... BT13: =BS13 -> 28.2
... A41: United States | B41: 0 | C41: =B41 -> 0 | D41: =C41 -> 0 | E41: =D41 -> 0 | F41: =E41 -> 0 | G41: =F41 -> 0 | H41: =G41 -> 0 | I41: =H41 -> 0 | J41: =I41 -> 0 | ... BT41: =BS41 -> 0

Sheet co2_storage_capacity
A1: Country | B1: storage capacity
A2: Sub-saharan africa | B2: 223.03
A3: Other eurasia | B3: 1043.6532
A4: Other latin america | B4: 1.02337
A5: Middle east | B5: 260.70909
A6: Other Asia pacific | B6: 85.24221
A7: Argentina | B7: 2.7
A8: Australia | B8: 2984.5
A9: Belgium | B9: 0.199
A10: Brazil | B10: 1489
A11: Canada | B11: 1595
A12: China | B12: 2019.5
A13: Denmark | B13: 16.02794
... A41: United States | B41: 3050

Sheet capex
A1: Year | B1: capex
A2: 2030 | B2: 233.08
A3: 2031 | B3: 215.45896
A4: 2032 | B4: 204.6322
A5: 2033 | B5: 196.91765
A6: 2034 | B6: 190.97415
A7: 2035 | B7: 186.16718
A8: 2036 | B8: 182.14805
A9: 2037 | B9: 178.70537
A10: 2038 | B10: 175.70167
A11: 2039 | B11: 173.04274
A12: 2040 | B12: 170.66132
A13: 2041 | B13: 168.50777
... A72: 2100 | B72: 129.2382

Sheet gdp
A1: Country | B1: =co2_tax!B1 -> 2030 | C1: =co2_tax!C1 -> 2031 | D1: =co2_tax!D1 -> 2032 | E1: =co2_tax!E1 -> 2033 | F1: =co2_tax!F1 -> 2034 | G1: =co2_tax!G1 -> 2035 | H1: =co2_tax!H1 -> 2036 | I1: =co2_tax!I1 -> 2037 | ... BT1: =co2_tax!BT1 -> 2100
A2: Sub-saharan africa | B2: 2156078.4 | C2: 2285823.9 | D2: 2422628.1 | E2: 2566816.8 | F2: 2718727.3 | G2: 2878708.2 | H2: 3047119.9 | I2: 3224334.7 | J2: 3410736.6 | K2: 3606722 | L2: 3812699.5 | M2: 4029089.9 | N2: 4256326.6 | O2: 4494855.8 | P2: 4745135.9 | Q2: 5007638.6 | R2: 5282847.9 | S2: 5571261 | T2: 5873387.7 | U2: 6189750.9 | V2: 6520886.1 | W2: 6867342.1 | X2: 7229680 | Y2: 7608474 | Z2: 8004311 | AA2: 8417790.2 | AB2: 8849523.6 | AC2: 9300135.3 | AD2: 9770262 | AE2: 10260552 | AF2: 10771666 | AG2: 11304276 | AH2: 11859065 | AI2: 12436728 | AJ2: 13037971 | AK2: 13663509 | AL2: 14314071 | AM2: 14990392 | AN2: 15693219 | AO2: 16423308 | AP2: 17181424 | AQ2: 17968339 | AR2: 18784836 | AS2: 19631705 | AT2: 20509741 | AU2: 21419748 | AV2: 22362537 | AW2: 23338923 | AX2: 24349728 | AY2: 25395777 | AZ2: 26477901 | BA2: 27596934 | BB2: 28753715 | BC2: 29949082 | BD2: 31183879 | BE2: 32458949 | BF2: 33775136 | BG2: 35133285 | BH2: 36534242 | BI2: 37978848 | BJ2: 39467947 | BK2: 41002378 | BL2: 42582977 | BM2: 44210577 | BN2: 45886008 | BO2: 47610094 | BP2: 49383652 | BQ2: 51207496 | BR2: 53082430 | BS2: 55009253 | BT2: 56988754
A3: Other eurasia | B3: 6849115 | C3: 7260499.9 | D3: 7693938.8 | E3: 8150436.8 | F3: 8631033.8 | G3: 9136804.9 | H3: 9668861.4 | I3: 10228351 | J3: 10816458 | K3: 11434406 | L3: 12083454 | M3: 12764901 | N3: 13480085 | O3: 14230382 | P3: 15017209 | Q3: 15842022 | R3: 16706316 | S3: 17611629 | T3: 18559538 | U3: 19551659 | V3: 20589652 | W3: 21675215 | X3: 22810088 | Y3: 23996050 | Z3: 25234924 | AA3: 26528570 | AB3: 27878890 | AC3: 29287825 | AD3: 30757355 | AE3: 32289502 | AF3: 33886323 | AG3: 35549916 | AH3: 37282416 | AI3: 39085995 | AJ3: 40962862 | AK3: 42915260 | AL3: 44945469 | AM3: 47055802 | AN3: 49248606 | AO3: 51526260 | AP3: 53891173 | AQ3: 56345788 | AR3: 58892572 | AS3: 61534024 | AT3: 64272668 | AU3: 67111053 | AV3: 70051753 | AW3: 73097364 | AX3: 76250505 | AY3: 79513812 | AZ3: 82889942 | BA3: 86381566 | BB3: 89991372 | BC3: 93722060 | BD3: 97576344 | BE3: 1.0155694e+08 | BF3: 1.0566659e+08 | BG3: 1.0990802e+08 | BH3: 1.1428398e+08 | BI3: 1.1879721e+08 | BJ3: 1.2345045e+08 | BK3: 1.2824644e+08 | BL3: 1.3318793e+08 | BM3: 1.3827765e+08 | BN3: 1.4351833e+08 | BO3: 1.4891268e+08 | BP3: 1.5446341e+08 | BQ3: 1.6017322e+08 | BR3: 1.6604478e+08 | BS3: 1.7208075e+08 | BT3: 1.7828377e+08
A4: Other latin america | B4: 2628384.1 | C4: 2765419.1 | D4: 2908510.6 | E4: 3057869.3 | F4: 3213710.2 | G4: 3376253.2 | H4: 3545722.5 | I4: 3722347 | J4: 3906360.1 | K4: 4097999.9 | L4: 4297508.6 | M4: 4505133 | N4: 4721124.3 | O4: 4945737.9 | P4: 5179233.4 | Q4: 5421874.4 | R4: 5673929 | S4: 5935668.8 | T4: 6207369.5 | U4: 6489310.5 | V4: 6781775 | W4: 7085049.6 | X4: 7399424.4 | Y4: 7725192.7 | Z4: 8062651.1 | AA4: 8412099.3 | AB4: 8773839.6 | AC4: 9148177.3 | AD4: 9535420.2 | AE4: 9935878.5 | AF4: 10349865 | AG4: 10777693 | AH4: 11219680 | AI4: 11676144 | AJ4: 12147404 | AK4: 12633781 | AL4: 13135598 | AM4: 13653176 | AN4: 14186841 | AO4: 14736915 | AP4: 15303723 | AQ4: 15887590 | AR4: 16488840 | AS4: 17107797 | AT4: 17744783 | AU4: 18400121 | AV4: 19074133 | AW4: 19767137 | AX4: 20479453 | AY4: 21211397 | AZ4: 21963282 | BA4: 22735422 | BB4: 23528126 | BC4: 24341700 | BD4: 25176448 | BE4: 26032671 | BF4: 26910665 | BG4: 27810723 | BH4: 28733136 | BI4: 29678187 | BJ4: 30646157 | BK4: 31637322 | BL4: 32651953 | BM4: 33690316 | BN4: 34752670 | BO4: 35839272 | BP4: 36950368 | BQ4: 38086203 | BR4: 39247014 | BS4: 40433030 | BT4: 41644475
A5: Middle east | B5: 3477264.1 | C5: 3650452.9 | D5: 3831576.2 | E5: 4020923.4 | F5: 4218791.5 | G5: 4425486.1 | H5: 4641320.5 | I5: 4866616.5 | J5: 5101703.6 | K5: 5346919.9 | L5: 5602611.3 | M5: 5869131.8 | N5: 6146843.6 | O5: 6436116.7 | P5: 6737329.4 | Q5: 7050867.6 | R5: 7377125.2 | S5: 7716503.8 | T5: 8069412.7 | U5: 8436268.8 | V5: 8817496.5 | W5: 9213527.6 | X5: 9624801.1 | Y5: 10051763 | Z5: 10494866 | AA5: 10954571 | AB5: 11431343 | AC5: 11925655 | AD5: 12437987 | AE5: 12968824 | AF5: 13518656 | AG5: 14087981 | AH5: 14677299 | AI5: 15287118 | AJ5: 15917949 | AK5: 16570310 | AL5: 17244719 | AM5: 17941703 | AN5: 18661790 | AO5: 19405510 | AP5: 20173399 | AQ5: 20965994 | AR5: 21783835 | AS5: 22627463 | AT5: 23497424 | AU5: 24394260 | AV5: 25318519 | AW5: 26270746 | AX5: 27251489 | AY5: 28261293 | AZ5: 29300705 | BA5: 30370269 | BB5: 31470530 | BC5: 32602029 | BD5: 33765305 | BE5: 34960895 | BF5: 36189334 | BG5: 37451153 | BH5: 38746877 | BI5: 40077029 | BJ5: 41442127 | BK5: 42842684 | BL5: 44279208 | BM5: 45752198 | BN5: 47262151 | BO5: 48809554 | BP5: 50394889 | BQ5: 52018628 | BR5: 53681239 | BS5: 55383177 | BT5: 57124891
A6: Other Asia pacific | B6: 3905987.3 | C6: 4124319.4 | D6: 4353852.9 | E6: 4595086.1 | F6: 4848534.2 | G6: 5114729.7 | H6: 5394221.9 | I6: 5687577.8 | J6: 5995382.3 | K6: 6318237.6 | L6: 6656764.5 | M6: 7011601.5 | N6: 7383405.5 | O6: 7772851.8 | P6: 8180634 | Q6: 8607464.3 | R6: 9054073.5 | S6: 9521210.7 | T6: 10009644 | U6: 10520158 | V6: 11053560 | W6: 11610670 | X6: 12192331 | Y6: 12799402 | Z6: 13432759 | AA6: 14093297 | AB6: 14781929 | AC6: 15499583 | AD6: 16247206 | AE6: 17025760 | AF6: 17836225 | AG6: 18679595 | AH6: 19556881 | AI6: 20469108 | AJ6: 21417316 | AK6: 22402559 | AL6: 23425906 | AM6: 24488436 | AN6: 25591243 | AO6: 26735432 | AP6: 27922121 | AQ6: 29152435 | AR6: 30427513 | AS6: 31748500 | AT6: 33116552 | AU6: 34532832 | AV6: 35998510 | AW6: 37514762 | AX6: 39082770 | AY6: 40703722 | AZ6: 42378807 | BA6: 44109220 | BB6: 45896156 | BC6: 47740813 | BD6: 49644388 | BE6: 51608078 | BF6: 53633080 | BG6: 55720586 | BH6: 57871787 | BI6: 60087870 | BJ6: 62370015 | BK6: 64719398 | BL6: 67137186 | BM6: 69624539 | BN6: 72182609 | BO6: 74812538 | BP6: 77515455 | BQ6: 80292479 | BR6: 83144718 | BS6: 86073262 | BT6: 89079192
A7: Argentina | B7: 741024.4 | C7: 769131.4 | D7: 798012.77 | E7: 827678.99 | F7: 858140.36 | G7: 889406.99 | H7: 921488.78 | I7: 954395.39 | J7: 988136.29 | K7: 1022720.7 | L7: 1058157.6 | M7: 1094455.7 | N7: 1131623.6 | O7: 1169669.4 | P7: 1208601 | Q7: 1248426.2 | R7: 1289152.3 | S7: 1330786.4 | T7: 1373335.3 | U7: 1416805.5 | V7: 1461203.3 | W7: 1506534.4 | X7: 1552804.5 | Y7: 1600018.7 | Z7: 1648182.1 | AA7: 1697299.1 | AB7: 1747374 | AC7: 1798410.7 | AD7: 1850412.8 | AE7: 1903383.6 | AF7: 1957325.8 | AG7: 2012242.1 | AH7: 2068134.5 | AI7: 2125005 | AJ7: 2182855 | AK7: 2241685.7 | AL7: 2301497.7 | AM7: 2362291.5 | AN7: 2424067.2 | AO7: 2486824.5 | AP7: 2550562.7 | AQ7: 2615280.8 | AR7: 2680977.5 | AS7: 2747651 | AT7: 2815299.3 | AU7: 2883920 | AV7: 2953510.3 | AW7: 3024067.2 | AX7: 3095587.2 | AY7: 3168066.6 | AZ7: 3241501.2 | BA7: 3315886.6 | BB7: 3391218.1 | BC7: 3467490.6 | BD7: 3544698.6 | BE7: 3622836.6 | BF7: 3701898.3 | BG7: 3781877.6 | BH7: 3862767.7 | BI7: 3944561.8 | BJ7: 4027252.6 | BK7: 4110832.6 | BL7: 4195294.1 | BM7: 4280629 | BN7: 4366828.9 | BO7: 4453885.3 | BP7: 4541789.3 | BQ7: 4630531.8 | BR7: 4720103.5 | BS7: 4810494.8 | BT7: 4901696
A8: Australia | B8: 2295761.2 | C8: 2395576.7 | D8: 2498690.4 | E8: 2605166.9 | F8: 2715070.6 | G8: 2828465.4 | H8: 2945414.8 | I8: 3065981.9 | J8: 3190229.2 | K8: 3318218.8 | L8: 3450012 | M8: 3585669.4 | N8: 3725251.2 | O8: 3868816.3 | P8: 4016423.2 | Q8: 4168129.5 | R8: 4323991.5 | S8: 4484064.8 | T8: 4648404.1 | U8: 4817062.7 | V8: 4990093 | W8: 5167546.1 | X8: 5349472.1 | Y8: 5535919.5 | Z8: 5726935.7 | AA8: 5922566.9 | AB8: 6122857.7 | AC8: 6327851.4 | AD8: 6537589.6 | AE8: 6752112.8 | AF8: 6971459.7 | AG8: 7195667.5 | AH8: 7424771.8 | AI8: 7658806.6 | AJ8: 7897804.3 | AK8: 8141795.5 | AL8: 8390809.1 | AM8: 8644872.5 | AN8: 8904011 | AO8: 9168248.3 | AP8: 9437606.5 | AQ8: 9712105.5 | AR8: 9991763.7 | AS8: 10276597 | AT8: 10566621 | AU8: 10861848 | AV8: 11162289 | AW8: 11467952 | AX8: 11778845 | AY8: 12094973 | AZ8: 12416340 | BA8: 12742946 | BB8: 13074792 | BC8: 13411874 | BD8: 13754189 | BE8: 14101731 | BF8: 14454490 | BG8: 14812459 | BH8: 15175624 | BI8: 15543973 | BJ8: 15917489 | BK8: 16296156 | BL8: 16679955 | BM8: 17068864 | BN8: 17462861 | BO8: 17861922 | BP8: 18266020 | BQ8: 18675128 | BR8: 19089216 | BS8: 19508253 | BT8: 19932206
A9: Belgium | B9: 810436.93 | C9: 845881.39 | D9: 882506.05 | E9: 920334.38 | F9: 959389.71 | G9: 999695.26 | H9: 1041274.1 | I9: 1084149.2 | J9: 1128343.4 | K9: 1173879 | L9: 1220778.6 | M9: 1269064.3 | N9: 1318757.8 | O9: 1369880.8 | P9: 1422454.6 | Q9: 1476500.2 | R9: 1532038.2 | S9: 1589089 | T9: 1647672.6 | U9: 1707808.4 | V9: 1769515.8 | W9: 1832813.4 | X9: 1897719.6 | Y9: 1964252.3 | Z9: 2032429 | AA9: 2102266.6 | AB9: 2173781.5 | AC9: 2246989.8 | AD9: 2321906.8 | AE9: 2398547.4 | AF9: 2476926.1 | AG9: 2557056.6 | AH9: 2638952.2 | AI9: 2722625.5 | AJ9: 2808088.5 | AK9: 2895352.8 | AL9: 2984429.1 | AM9: 3075327.8 | AN9: 3168058.3 | AO9: 3262629.6 | AP9: 3359050.1 | AQ9: 3457327.5 | AR9: 3557468.6 | AS9: 3659479.9 | AT9: 3763367 | AU9: 3869135 | AV9: 3976788.2 | AW9: 4086330.1 | AX9: 4197763.8 | AY9: 4311091.6 | AZ9: 4426315.1 | BA9: 4543435.1 | BB9: 4662451.9 | BC9: 4783365 | BD9: 4906173.4 | BE9: 5030875.1 | BF9: 5157467.7 | BG9: 5285947.9 | BH9: 5416312 | BI9: 5548555.4 | BJ9: 5682673 | BK9: 5818658.7 | BL9: 5956506.2 | BM9: 6096208.2 | BN9: 6237757 | BO9: 6381144 | BP9: 6526360.3 | BQ9: 6673396 | BR9: 6822240.9 | BS9: 6972884.1 | BT9: 7125313.9
A10: Brazil | B10: 3025341.9 | C10: 3226971.1 | D10: 3439887.6 | E10: 3664582.7 | F10: 3901561.3 | G10: 4151341.6 | H10: 4414455.3 | I10: 4691447.3 | J10: 4982875.9 | K10: 5289312.5 | L10: 5611341.6 | M10: 5949560.3 | N10: 6304578.8 | O10: 6677019.7 | P10: 7067518.1 | Q10: 7476720.9 | R10: 7905287.3 | S10: 8353887.8 | T10: 8823204.5 | U10: 9313930.2 | V10: 9826768.8 | W10: 10362434 | X10: 10921651 | Y10: 11505152 | Z10: 12113680 | AA10: 12747987 | AB10: 13408834 | AC10: 14096987 | AD10: 14813222 | AE10: 15558321 | AF10: 16333072 | AG10: 17138270 | AH10: 17974715 | AI10: 18843209 | AJ10: 19744563 | AK10: 20679588 | AL10: 21649099 | AM10: 22653913 | AN10: 23694850 | AO10: 24772730 | AP10: 25888374 | AQ10: 27042602 | AR10: 28236234 | AS10: 29470088 | AT10: 30744981 | AU10: 32061727 | AV10: 33421134 | AW10: 34824010 | AX10: 36271154 | AY10: 37763363 | AZ10: 39301427 | BA10: 40886127 | BB10: 42518238 | BC10: 44198529 | BD10: 45927757 | BE10: 47706670 | BF10: 49536007 | BG10: 51416496 | BH10: 53348854 | BI10: 55333785 | BJ10: 57371981 | BK10: 59464120 | BL10: 61610867 | BM10: 63812872 | BN10: 66070772 | BO10: 68385184 | BP10: 70756715 | BQ10: 73185950 | BR10: 75673459 | BS10: 78219796 | BT10: 80825494
A11: Canada | B11: 2896526.9 | C11: 3101031.8 | D11: 3317786.1 | E11: 3547371.8 | F11: 3790389.9 | G11: 4047459.5 | H11: 4319219 | I11: 4606325.2 | J11: 4909453.9 | K11: 5229299.9 | L11: 5566576.7 | M11: 5922016.7 | N11: 6296371.1 | O11: 6690409.8 | P11: 7104921.2 | Q11: 7540712.1 | R11: 7998607.6 | S11: 8479451.1 | T11: 8984103.3 | U11: 9513443 | V11: 10068366 | W11: 10649785 | X11: 11258629 | Y11: 11895844 | Z11: 12562391 | AA11: 13259247 | AB11: 13987404 | AC11: 14747867 | AD11: 15541657 | AE11: 16369807 | AF11: 17233363 | AG11: 18133383 | AH11: 19070936 | AI11: 20047104 | AJ11: 21062976 | AK11: 22119654 | AL11: 23218246 | AM11: 24359868 | AN11: 25545646 | AO11: 26776710 | AP11: 28054195 | AQ11: 29379243 | AR11: 30753000 | AS11: 32176613 | AT11: 33651232 | AU11: 35178009 | AV11: 36758097 | AW11: 38392647 | AX11: 40082809 | AY11: 41829731 | AZ11: 43634559 | BA11: 45498433 | BB11: 47422488 | BC11: 49407854 | BD11: 51455654 | BE11: 53567002 | BF11: 55743004 | BG11: 57984755 | BH11: 60293341 | BI11: 62669836 | BJ11: 65115299 | BK11: 67630779 | BL11: 70217309 | BM11: 72875905 | BN11: 75607570 | BO11: 78413287 | BP11: 81294023 | BQ11: 84250726 | BR11: 87284323 | BS11: 90395721 | BT11: 93585808
A12: China | B12: 24944050 | C12: 26054304 | D12: 27202380 | E12: 28389058 | F12: 29615119 | G12: 30881341 | H12: 32188498 | I12: 33537360 | J12: 34928693 | K12: 36363256 | L12: 37841803 | M12: 39365082 | N12: 40933832 | O12: 42548787 | P12: 44210670 | Q12: 45920195 | R12: 47678067 | S12: 49484981 | T12: 51341619 | U12: 53248655 | V12: 55206746 | W12: 57216541 | X12: 59278672 | Y12: 61393760 | Z12: 63562410 | AA12: 65785211 | AB12: 68062739 | AC12: 70395554 | AD12: 72784196 | AE12: 75229192 | AF12: 77731050 | AG12: 80290261 | AH12: 82907296 | AI12: 85582609 | AJ12: 88316635 | AK12: 91109788 | AL12: 93962465 | AM12: 96875039 | AN12: 99847867 | AO12: 1.0288128e+08 | AP12: 1.059756e+08 | AQ12: 1.0913111e+08 | AR12: 1.1234808e+08 | AS12: 1.1562676e+08 | AT12: 1.1896738e+08 | AU12: 1.2237015e+08 | AV12: 1.2583524e+08 | AW12: 1.2936282e+08 | AX12: 1.3295303e+08 | AY12: 1.3660597e+08 | AZ12: 1.4032175e+08 | BA12: 1.4410043e+08 | BB12: 1.4794207e+08 | BC12: 1.5184668e+08 | BD12: 1.5581426e+08 | BE12: 1.598448e+08 | BF12: 1.6393826e+08 | BG12: 1.6809456e+08 | BH12: 1.7231361e+08 | BI12: 1.7659532e+08 | BJ12: 1.8093953e+08 | BK12: 1.853461e+08 | BL12: 1.8981485e+08 | BM12: 1.9434558e+08 | BN12: 1.9893806e+08 | BO12: 2.0359206e+08 | BP12: 2.083073e+08 | BQ12: 2.1308351e+08 | BR12: 2.1792037e+08 | BS12: 2.2281755e+08 | BT12: 2.2777472e+08
A13: Denmark | B13: 509516.67 | C13: 530191.67 | D13: 551490.47 | E13: 573423.34 | F13: 596000.43 | G13: 619231.78 | H13: 643127.29 | I13: 667696.73 | J13: 692949.71 | K13: 718895.71 | L13: 745544.02 | M13: 772903.79 | N13: 800983.95 | O13: 829793.29 | P13: 859340.37 | Q13: 889633.56 | R13: 920681.03 | S13: 952490.71 | T13: 985070.34 | U13: 1018427.4 | V13: 1052569.2 | W13: 1087502.6 | X13: 1123234.6 | Y13: 1159771.5 | Z13: 1197119.6 | AA13: 1235285 | AB13: 1274273.3 | AC13: 1314089.9 | AD13: 1354740.1 | AE13: 1396228.7 | AF13: 1438560.2 | AG13: 1481739.1 | AH13: 1525769.2 | AI13: 1570654.3 | AJ13: 1616397.7 | AK13: 1663002.7 | AL13: 1710471.9 | AM13: 1758807.8 | AN13: 1808012.6 | AO13: 1858088.2 | AP13: 1909036.1 | AQ13: 1960857.4 | AR13: 2013553.3 | AS13: 2067124.1 | AT13: 2121570.2 | AU13: 2176891.6 | AV13: 2233087.9 | AW13: 2290158.4 | AX13: 2348102.2 | AY13: 2406917.9 | AZ13: 2466604 | BA13: 2527158.4 | BB13: 2588579.1 | BC13: 2650863.4 | BD13: 2714008.5 | BE13: 2778011.3 | BF13: 2842868.3 | BG13: 2908575.8 | BH13: 2975129.7 | BI13: 3042525.7 | BJ13: 3110759.2 | BK13: 3179825.4 | BL13: 3249718.9 | BM13: 3320434.5 | BN13: 3391966.3 | BO13: 3464308.4 | BP13: 3537454.5 | BQ13: 3611398.2 | BR13: 3686132.5 | BS13: 3761650.7 | BT13: 3837945.3
... A41: United States | B41: 37424427 | C41: 38909828 | D41: 40438743 | E41: 42011844 | F41: 43629797 | G41: 45293258 | H41: 47002872 | I41: 48759275 | J41: 50563091 | K41: 52414932 | L41: 54315400 | M41: 56265081 | N41: 58264550 | O41: 60314368 | P41: 62415082 | Q41: 64567224 | R41: 66771310 | S41: 69027843 | T41: 71337307 | U41: 73700171 | V41: 76116888 | W41: 78587893 | X41: 81113602 | Y41: 83694415 | Z41: 86330714 | AA41: 89022860 | AB41: 91771197 | AC41: 94576050 | AD41: 97437723 | AE41: 1.003565e+08 | AF41: 1.0333265e+08 | AG41: 1.0636642e+08 | AH41: 1.0945802e+08 | AI41: 1.1260767e+08 | AJ41: 1.1581555e+08 | AK41: 1.1908182e+08 | AL41: 1.2240663e+08 | AM41: 1.2579008e+08 | AN41: 1.2923229e+08 | AO41: 1.3273333e+08 | AP41: 1.3629326e+08 | AQ41: 1.3991211e+08 | AR41: 1.435899e+08 | AS41: 1.4732662e+08 | AT41: 1.5112225e+08 | AU41: 1.5497672e+08 | AV41: 1.5888998e+08 | AW41: 1.6286194e+08 | AX41: 1.6689247e+08 | AY41: 1.7098145e+08 | AZ41: 1.7512871e+08 | BA41: 1.793341e+08 | BB41: 1.835974e+08 | BC41: 1.8791841e+08 | BD41: 1.9229689e+08 | BE41: 1.9673259e+08 | BF41: 2.0122521e+08 | BG41: 2.0577449e+08 | BH41: 2.1038009e+08 | BI41: 2.1504168e+08 | BJ41: 2.1975892e+08 | BK41: 2.2453143e+08 | BL41: 2.2935882e+08 | BM41: 2.3424069e+08 | BN41: 2.3917661e+08 | BO41: 2.4416614e+08 | BP41: 2.4920883e+08 | BQ41: 2.5430419e+08 | BR41: 2.5945173e+08 | BS41: 2.6465095e+08 | BT41: 2.6990133e+08

Sheet nuclear_allowed
A1: Country
A2: Sub-saharan africa
A3: Other eurasia
A4: Other latin america
A5: Middle east
A6: Other Asia pacific
A7: Argentina
A8: Australia
A9: Belgium
A10: Brazil
A11: Canada
A12: China
... A41: United States

Sheet ccs_readiness
A1: Country | B1: CCS readiness index
A2: Sub-saharan africa | B2: 0
A3: Other eurasia | B3: 7
A4: Other latin america | B4: 0
A5: Middle east | B5: 0
A6: Other Asia pacific | B6: 0
A7: Argentina | B7: 0
A8: Australia | B8: 62
A9: Belgium | B9: 0
A10: Brazil | B10: 42
A11: Canada | B11: 71
A12: China | B12: 53
A13: Denmark | B13: 56
... A41: United States | B41: 72

Sheet nuclear_readiness
A1: Country | B1: nuclear readiness index
A2: Sub-saharan africa | B2: 2
A3: Other eurasia | B3: 3
A4: Other latin america | B4: 2
A5: Middle east | B5: 2
A6: Other Asia pacific | B6: 2
A7: Argentina | B7: 5
A8: Australia | B8: 1
A9: Belgium | B9: 5
A10: Brazil | B10: 5
A11: Canada | B11: 5
A12: China | B12: 5
A13: Denmark | B13: 1
... A41: United States | B41: 5

Sheet nuclear_perception
A1: Country | B1: Support rate (%) | C1: Oppose rate (%)
A2: Sub-saharan africa | B2: 0 | C2: 1
A3: Other eurasia | B3: 0 | C3: 1
A4: Other latin america | B4: 0 | C4: 1
A5: Middle east | B5: 0 | C5: 1
A6: Other Asia pacific | B6: 0 | C6: 1
A7: Argentina | B7: =13.9+30.6 -> 44.5 | C7: 22.9
A8: Australia | B8: 35 | C8: 38
A9: Belgium | B9: 37 | C9: 23
A10: Brazil | B10: 26 | C10: 41
A11: Canada | B11: 35 | C11: 27
A12: China | B12: 57 | C12: 12
A13: Denmark | B13: 55 | C13: 26
A14: Egypt | B14: 49 | C14: 21
A15: Finland | B15: 50 | C15: 23
A16: France | B16: 46 | C16: 21
A17: Germany | B17: 40 | C17: 28
A18: Iceland | B18: 0 | C18: 0
A19: India | B19: 49 | C19: 22
... A24: Japan | B24: 25 | C24: 36
A25: Malaysia | B25: =16+23.8 -> 39.8 | C25: =15.1+25 -> 40.1
A26: Mexico | B26: 67.1 | C26: 32.9
A27: Netherlands | B27: 45 | C27: 28
A28: New Zealand | B28: 0 | C28: 0
A29: Norway | B29: 41 | C29: 23
A30: Pakistan | B30: 0 | C30: 0
A31: Poland | B31: 55 | C31: 16
A32: Portugal | B32: 0 | C32: 0
A33: Russia | B33: 51 | C33: 16
A34: Saudi Arabia | B34: =16.1+25.3 -> 41.4 | C34: 35.9
A35: South Africa | B35: 46 | C35: 27
A36: South Korea | B36: 42 | C36: 27
A37: Spain | B37: 32 | C37: 42
A38: Sweden | B38: 48 | C38: 28
A39: Switzerland | B39: 53 | C39: 43
A40: United Kingdom | B40: 37 | C40: 25
A41: United States | B41: 36 | C41: 27

Sheet resource_reserve
A1: Country | B1: water reserve | C1: land reserve
A2: Sub-saharan africa | B2: 9645 | C2: 3914
A3: Other eurasia | B3: 4432 | C3: 3736
A4: Other latin america | B4: 8041 | C4: 1884
A5: Middle east | B5: 8484 | C5: 2703
A6: Other Asia pacific | B6: 5669 | C6: 4322
A7: Argentina | B7: 1035 | C7: 9721
A8: Australia | B8: 1821 | C8: 6356
A9: Belgium | B9: 3235 | C9: 7575
A10: Brazil | B10: 5095 | C10: 3887
A11: Canada | B11: 1679 | C11: 6908
A12: China | B12: 2155 | C12: 940
A13: Denmark | B13: 9451 | C13: 988
... A41: United States | B41: 7430 | C41: 9083

Sheet ccs_included
A1: Country
A2: Australia
A3: Belgium
A4: Canada
A5: China
A6: Denmark
A7: Finland
A8: France
A9: Germany
A10: Iceland
A11: India
A12: Indonesia
... A28: United States

Sheet non-NPT
A1: Country
A2: India
A3: Pakistan
