Workbook

Sheet productivity
B1: 0 | C1: 2.5 | D1: 5 | E1: 7.5 | F1: 10 | G1: 12.5 | H1: 15 | I1: 17.5 | J1: 20 | K1: 22.5 | L1: 25 | M1: 27.5 | N1: 30 | O1: 32.5 | P1: 35 | Q1: 37.5 | R1: 40
A2: 0 | B2: 0.4031773 | C2: 0.39550779 | D2: 0.41078096 | E2: 0.42605412 | F2: 0.44547706 | G2: 0.46489999 | H2: 0.48562598 | I2: 0.50635197 | J2: 0.53288552 | K2: 0.55941907 | L2: 0.56498779 | M2: 0.57055652 | N2: 0.57335581 | O2: 0.5761551 | P2: 0.55498305 | Q2: 0.533811 | R2: 0.6102696
A3: 0.05 | B3: 0.38348062 | C3: 0.39379379 | D3: 0.40720721 | E3: 0.42062062 | F3: 0.43303303 | G3: 0.44544545 | H3: 0.44944945 | I3: 0.45345345 | J3: 0.4986987 | K3: 0.54394394 | L3: 0.55095095 | M3: 0.55795796 | N3: 0.56496496 | O3: 0.57197197 | P3: 0.55475475 | Q3: 0.53753754 | R3: 0.60102388
A4: 0.1 | B4: 0.38607794 | C4: 0.38758759 | D4: 0.398999 | E4: 0.41041041 | F4: 0.43033033 | G4: 0.45025025 | H4: 0.46356356 | I4: 0.47687688 | J4: 0.51391391 | K4: 0.55095095 | L4: 0.55835836 | M4: 0.56576577 | N4: 0.56886887 | O4: 0.57197197 | P4: 0.55245245 | Q4: 0.53293293 | R4: 0.60727203
A5: 0.15 | B5: 0.38636961 | C5: 0.38138138 | D5: 0.39079079 | E5: 0.4002002 | F5: 0.42762763 | G5: 0.45505506 | H5: 0.47767768 | I5: 0.5003003 | J5: 0.52912913 | K5: 0.55795796 | L5: 0.56576577 | M5: 0.57357357 | N5: 0.57277277 | O5: 0.57197197 | P5: 0.55015015 | Q5: 0.52832833 | R5: 0.61352019
A6: 0.2 | B6: 0.38039662 | C6: 0.37677678 | D6: 0.38928929 | E6: 0.4018018 | F6: 0.42722723 | G6: 0.45265265 | H6: 0.47487487 | I6: 0.4970971 | J6: 0.51781782 | K6: 0.53853854 | L6: 0.55295295 | M6: 0.56736737 | N6: 0.57167167 | O6: 0.57597598 | P6: 0.55685686 | Q6: 0.53773774 | R6: 0.6136956
A7: 0.25 | B7: 0.3744105 | C7: 0.37217217 | D7: 0.38778779 | E7: 0.4034034 | F7: 0.42682683 | G7: 0.45025025 | H7: 0.47207207 | I7: 0.49389389 | J7: 0.50650651 | K7: 0.51911912 | L7: 0.54014014 | M7: 0.56116116 | N7: 0.57057057 | O7: 0.57997998 | P7: 0.56356356 | Q7: 0.54714715 | R7: 0.61387101
A8: 0.3 | B8: 0.36932955 | C8: 0.37137137 | D8: 0.38778779 | E8: 0.4042042 | F8: 0.42172172 | G8: 0.43923924 | H8: 0.46426426 | I8: 0.48928929 | J8: 0.51081081 | K8: 0.53233233 | L8: 0.54904905 | M8: 0.56576577 | N8: 0.57167167 | O8: 0.57757758 | P8: 0.56816817 | Q8: 0.55875876 | R8: 0.6213585
A9: 0.35 | B9: 0.36424474 | C9: 0.37057057 | D9: 0.38778779 | E9: 0.40500501 | F9: 0.41661662 | G9: 0.42822823 | H9: 0.45645646 | I9: 0.48468468 | J9: 0.51511512 | K9: 0.54554555 | L9: 0.55795796 | M9: 0.57037037 | N9: 0.57277277 | O9: 0.57517518 | P9: 0.57277277 | Q9: 0.57037037 | R9: 0.62884599
A10: 0.4 | B10: 0.36307819 | C10: 0.37137137 | D10: 0.38858859 | E10: 0.40580581 | F10: 0.41741742 | G10: 0.42902903 | H10: 0.45835836 | I10: 0.48768769 | J10: 0.51031031 | K10: 0.53293293 | L10: 0.54974975 | M10: 0.56656657 | N10: 0.57677678 | O10: 0.58698699 | P10: 0.57867868 | Q10: 0.57037037 | R10: 0.63016159
A11: 0.45 | B11: 0.36191098 | C11: 0.37217217 | D11: 0.38938939 | E11: 0.40660661 | F11: 0.41821822 | G11: 0.42982983 | H11: 0.46026026 | I11: 0.49069069 | J11: 0.50550551 | K11: 0.52032032 | L11: 0.54154154 | M11: 0.56276276 | N11: 0.58078078 | O11: 0.5987988 | P11: 0.58458458 | Q11: 0.57037037 | R11: 0.63147719
A12: 0.5 | B12: 0.34879022 | C12: 0.35495495 | D12: 0.37757758 | E12: 0.4002002 | F12: 0.41311311 | G12: 0.42602603 | H12: 0.45295295 | I12: 0.47987988 | J12: 0.5017017 | K12: 0.52352352 | L12: 0.54544545 | M12: 0.56736737 | N12: 0.57757758 | O12: 0.58778779 | P12: 0.58578579 | Q12: 0.58378378 | R12: 0.63754516
A13: 0.55 | B13: 0.33566832 | C13: 0.33773774 | D13: 0.36576577 | E13: 0.39379379 | F13: 0.40800801 | G13: 0.42222222 | H13: 0.44564565 | I13: 0.46906907 | J13: 0.4978979 | K13: 0.52672673 | L13: 0.54934935 | M13: 0.57197197 | N13: 0.57437437 | O13: 0.57677678 | P13: 0.58698699 | Q13: 0.5971972 | R13: 0.64361314
... A22: 1 | B22: 0.28106094 | C22: 0.31655164 | D22: 0.33412184 | E22: 0.35169204 | F22: 0.36404826 | G22: 0.37640447 | H22: 0.40201956 | I22: 0.42763465 | J22: 0.45704125 | K22: 0.48644785 | L22: 0.52014997 | M22: 0.5538521 | N22: 0.57231618 | O22: 0.59078025 | P22: 0.60124686 | Q22: 0.61171347 | R22: 0.65082458

Sheet energy duty
B1: 0 | C1: 2.5 | D1: 5 | E1: 7.5 | F1: 10 | G1: 12.5 | H1: 15 | I1: 17.5 | J1: 20 | K1: 22.5 | L1: 25 | M1: 27.5 | N1: 30 | O1: 32.5 | P1: 35 | Q1: 37.5 | R1: 40
A2: 0 | B2: 29.555801 | C2: 27.922835 | D2: 27.830286 | E2: 27.737738 | F2: 27.905625 | G2: 28.073512 | H2: 26.84351 | I2: 25.613508 | J2: 24.927032 | K2: 24.240556 | L2: 23.334211 | M2: 22.427866 | N2: 22.159177 | O2: 21.890487 | P2: 21.523805 | Q2: 21.157122 | R2: 20.255835
A3: 0.05 | B3: 31.686258 | C3: 32.222222 | D3: 31.441441 | E3: 30.660661 | F3: 29.479479 | G3: 28.298298 | H3: 26.416416 | I3: 24.534535 | J3: 25.095095 | K3: 25.655656 | L3: 24.634635 | M3: 23.613614 | N3: 23.773774 | O3: 23.933934 | P3: 23.533534 | Q3: 23.133133 | R3: 21.170599
A4: 0.1 | B4: 31.916297 | C4: 32.062062 | D4: 30.930931 | E4: 29.7998 | F4: 29.319319 | G4: 28.838839 | H4: 27.357357 | I4: 25.875876 | J4: 25.955956 | K4: 26.036036 | L4: 24.984985 | M4: 23.933934 | N4: 23.653654 | O4: 23.373373 | P4: 22.902903 | Q4: 22.432432 | R4: 21.07803
A5: 0.15 | B5: 32.146337 | C5: 31.901902 | D5: 30.42042 | E5: 28.938939 | F5: 29.159159 | G5: 29.379379 | H5: 28.298298 | I5: 27.217217 | J5: 26.816817 | K5: 26.416416 | L5: 25.335335 | M5: 24.254254 | N5: 23.533534 | O5: 22.812813 | P5: 22.272272 | Q5: 21.731732 | R5: 20.985462
A6: 0.2 | B6: 32.48191 | C6: 31.981982 | D6: 30.770771 | E6: 29.55956 | F6: 29.58959 | G6: 29.61962 | H6: 28.528529 | I6: 27.437437 | J6: 26.306306 | K6: 25.175175 | L6: 24.434434 | M6: 23.693694 | N6: 23.293293 | O6: 22.892893 | P6: 22.272272 | Q6: 21.651652 | R6: 20.47905
A7: 0.25 | B7: 32.817484 | C7: 32.062062 | D7: 31.121121 | E7: 30.18018 | F7: 30.02002 | G7: 29.85986 | H7: 28.758759 | I7: 27.657658 | J7: 25.795796 | K7: 23.933934 | L7: 23.533534 | M7: 23.133133 | N7: 23.053053 | O7: 22.972973 | P7: 22.272272 | Q7: 21.571572 | R7: 19.972639
A8: 0.3 | B8: 33.051146 | C8: 32.282282 | D8: 31.461461 | E8: 30.640641 | F8: 30.06006 | G8: 29.479479 | H8: 28.538539 | I8: 27.597598 | J8: 26.386386 | K8: 25.175175 | L8: 24.354354 | M8: 23.533534 | N8: 23.143143 | O8: 22.752753 | P8: 22.242242 | Q8: 21.731732 | R8: 20.199438
A9: 0.35 | B9: 33.284809 | C9: 32.502503 | D9: 31.801802 | E9: 31.101101 | F9: 30.1001 | G9: 29.099099 | H9: 28.318318 | I9: 27.537538 | J9: 26.976977 | K9: 26.416416 | L9: 25.175175 | M9: 23.933934 | N9: 23.233233 | O9: 22.532533 | P9: 22.212212 | Q9: 21.891892 | R9: 20.426236
A10: 0.4 | B10: 33.972639 | C10: 33.443443 | D10: 32.512513 | E10: 31.581582 | F10: 30.570571 | G10: 29.55956 | H10: 28.818819 | I10: 28.078078 | J10: 26.936937 | K10: 25.795796 | L10: 24.824825 | M10: 23.853854 | N10: 23.343343 | O10: 22.832833 | P10: 22.442442 | Q10: 22.052052 | R10: 20.246914
A11: 0.45 | B11: 34.66047 | C11: 34.384384 | D11: 33.223223 | E11: 32.062062 | F11: 31.041041 | G11: 30.02002 | H11: 29.319319 | I11: 28.618619 | J11: 26.896897 | K11: 25.175175 | L11: 24.474474 | M11: 23.773774 | N11: 23.453453 | O11: 23.133133 | P11: 22.672673 | Q11: 22.212212 | R11: 20.067591
A12: 0.5 | B12: 34.505363 | C12: 33.683684 | D12: 32.832833 | E12: 31.981982 | F12: 31.081081 | G12: 30.18018 | H12: 29.399399 | I12: 28.618619 | J12: 27.247247 | K12: 25.875876 | L12: 25.135135 | M12: 24.394394 | N12: 23.533534 | O12: 22.672673 | P12: 22.442442 | Q12: 22.212212 | R12: 20.333476
A13: 0.55 | B13: 34.350255 | C13: 32.982983 | D13: 32.442442 | E13: 31.901902 | F13: 31.121121 | G13: 30.34034 | H13: 29.479479 | I13: 28.618619 | J13: 27.597598 | K13: 26.576577 | L13: 25.795796 | M13: 25.015015 | N13: 23.613614 | O13: 22.212212 | P13: 22.212212 | Q13: 22.212212 | R13: 20.599361
... A22: 1 | B22: 41.884662 | C22: 44.999561 | D22: 41.367332 | E22: 37.735104 | F22: 35.164814 | G22: 32.594524 | H22: 32.121771 | I22: 31.649017 | J22: 30.526316 | K22: 29.403614 | L22: 28.332192 | M22: 27.26077 | N22: 26.486311 | O22: 25.711852 | P22: 25.054353 | Q22: 24.396853 | R22: 21.155923

Sheet cost
B1: 0 | C1: 2.5 | D1: 5 | E1: 7.5 | F1: 10 | G1: 12.5 | H1: 15 | I1: 17.5 | J1: 20 | K1: 22.5 | L1: 25 | M1: 27.5 | N1: 30 | O1: 32.5 | P1: 35 | Q1: 37.5 | R1: 40
A2: 0 | B2: =-PMT(10%,2,$Y$3*1.085,,0)+$Y$3*($Y$8+0.06)+('energy duty'!B2*($AC$21*$AC$18+$AC$22*$AC$19))*1000 -> 399.2745 | C2: =-PMT(10%,2,$Y$3*1.085,,0)+$Y$3*($Y$8+0.06)+('energy duty'!C2*($AC$21*$AC$18+$AC$22*$AC$19))*1000 -> 386.51435 | D2: =-PMT(10%,2,$Y$3*1.085,,0)+$Y$3*($Y$8+0.06)+('energy duty'!D2*($AC$21*$AC$18+$AC$22*$AC$19))*1000 -> 385.79117 | E2: =-PMT(10%,2,$Y$3*1.085,,0)+$Y$3*($Y$8+0.06)+('energy duty'!E2*($AC$21*$AC$18+$AC$22*$AC$19))*1000 -> 385.06799 | F2: =-PMT(10%,2,$Y$3*1.085,,0)+$Y$3*($Y$8+0.06)+('energy duty'!F2*($AC$21*$AC$18+$AC$22*$AC$19))*1000 -> 386.37987 | G2: =-PMT(10%,2,$Y$3*1.085,,0)+$Y$3*($Y$8+0.06)+('energy duty'!G2*($AC$21*$AC$18+$AC$22*$AC$19))*1000 -> 387.69176 | H2: =-PMT(10%,2,$Y$3*1.085,,0)+$Y$3*($Y$8+0.06)+('energy duty'!H2*($AC$21*$AC$18+$AC$22*$AC$19))*1000 -> 378.08041 | I2: =-PMT(10%,2,$Y$3*1.085,,0)+$Y$3*($Y$8+0.06)+('energy duty'!I2*($AC$21*$AC$18+$AC$22*$AC$19))*1000 -> 368.46907 | ... R2: =-PMT(10%,2,$Y$3*1.085,,0)+$Y$3*($Y$8+0.06)+('energy duty'!R2*($AC$21*$AC$18+$AC$22*$AC$19))*1000 -> 326.60373 | X2: capex | AB2: lifetime
A3: 0.05 | B3: =-PMT(10%,2,$Y$3*1.085,,0)+$Y$3*($Y$8+0.06)+('energy duty'!B3*($AC$21*$AC$18+$AC$22*$AC$19))*1000 -> 415.92207 | C3: =-PMT(10%,2,$Y$3*1.085,,0)+$Y$3*($Y$8+0.06)+('energy duty'!C3*($AC$21*$AC$18+$AC$22*$AC$19))*1000 -> 420.11014 | D3: =-PMT(10%,2,$Y$3*1.085,,0)+$Y$3*($Y$8+0.06)+('energy duty'!D3*($AC$21*$AC$18+$AC$22*$AC$19))*1000 -> 414.00905 | E3: =-PMT(10%,2,$Y$3*1.085,,0)+$Y$3*($Y$8+0.06)+('energy duty'!E3*($AC$21*$AC$18+$AC$22*$AC$19))*1000 -> 407.90796 | F3: =-PMT(10%,2,$Y$3*1.085,,0)+$Y$3*($Y$8+0.06)+('energy duty'!F3*($AC$21*$AC$18+$AC$22*$AC$19))*1000 -> 398.67811 | G3: =-PMT(10%,2,$Y$3*1.085,,0)+$Y$3*($Y$8+0.06)+('energy duty'!G3*($AC$21*$AC$18+$AC$22*$AC$19))*1000 -> 389.44826 | H3: =-PMT(10%,2,$Y$3*1.085,,0)+$Y$3*($Y$8+0.06)+('energy duty'!H3*($AC$21*$AC$18+$AC$22*$AC$19))*1000 -> 374.74306 | I3: =-PMT(10%,2,$Y$3*1.085,,0)+$Y$3*($Y$8+0.06)+('energy duty'!I3*($AC$21*$AC$18+$AC$22*$AC$19))*1000 -> 360.03787 | ... R3: =-PMT(10%,2,$Y$3*1.085,,0)+$Y$3*($Y$8+0.06)+('energy duty'!R3*($AC$21*$AC$18+$AC$22*$AC$19))*1000 -> 333.75178 | X3: dac | Y3: =(167993+186630+1933269+509072)/12000 -> 233.08033 | Z3: $/ton CO2 | AB3: dac | AC3: 2 | AD3: years | AH3: =25000*(0.5/4000)^0.6 -> 113.78526
A4: 0.1 | B4: =-PMT(10%,2,$Y$3*1.085,,0)+$Y$3*($Y$8+0.06)+('energy duty'!B4*($AC$21*$AC$18+$AC$22*$AC$19))*1000 -> 417.71962 | C4: =-PMT(10%,2,$Y$3*1.085,,0)+$Y$3*($Y$8+0.06)+('energy duty'!C4*($AC$21*$AC$18+$AC$22*$AC$19))*1000 -> 418.85864 | D4: =-PMT(10%,2,$Y$3*1.085,,0)+$Y$3*($Y$8+0.06)+('energy duty'!D4*($AC$21*$AC$18+$AC$22*$AC$19))*1000 -> 410.01988 | E4: =-PMT(10%,2,$Y$3*1.085,,0)+$Y$3*($Y$8+0.06)+('energy duty'!E4*($AC$21*$AC$18+$AC$22*$AC$19))*1000 -> 401.18112 | F4: =-PMT(10%,2,$Y$3*1.085,,0)+$Y$3*($Y$8+0.06)+('energy duty'!F4*($AC$21*$AC$18+$AC$22*$AC$19))*1000 -> 397.4266 | G4: =-PMT(10%,2,$Y$3*1.085,,0)+$Y$3*($Y$8+0.06)+('energy duty'!G4*($AC$21*$AC$18+$AC$22*$AC$19))*1000 -> 393.67209 | H4: =-PMT(10%,2,$Y$3*1.085,,0)+$Y$3*($Y$8+0.06)+('energy duty'!H4*($AC$21*$AC$18+$AC$22*$AC$19))*1000 -> 382.09566 | I4: =-PMT(10%,2,$Y$3*1.085,,0)+$Y$3*($Y$8+0.06)+('energy duty'!I4*($AC$21*$AC$18+$AC$22*$AC$19))*1000 -> 370.51923 | ... R4: =-PMT(10%,2,$Y$3*1.085,,0)+$Y$3*($Y$8+0.06)+('energy duty'!R4*($AC$21*$AC$18+$AC$22*$AC$19))*1000 -> 333.02844 | X4: nuclear | Y4: 4178 | Z4: $/kW | AB4: nuclear | AC4: 40 | AD4: years
A5: 0.15 | B5: =-PMT(10%,2,$Y$3*1.085,,0)+$Y$3*($Y$8+0.06)+('energy duty'!B5*($AC$21*$AC$18+$AC$22*$AC$19))*1000 -> 419.51717 | C5: =-PMT(10%,2,$Y$3*1.085,,0)+$Y$3*($Y$8+0.06)+('energy duty'!C5*($AC$21*$AC$18+$AC$22*$AC$19))*1000 -> 417.60713 | D5: =-PMT(10%,2,$Y$3*1.085,,0)+$Y$3*($Y$8+0.06)+('energy duty'!D5*($AC$21*$AC$18+$AC$22*$AC$19))*1000 -> 406.03071 | E5: =-PMT(10%,2,$Y$3*1.085,,0)+$Y$3*($Y$8+0.06)+('energy duty'!E5*($AC$21*$AC$18+$AC$22*$AC$19))*1000 -> 394.45428 | F5: =-PMT(10%,2,$Y$3*1.085,,0)+$Y$3*($Y$8+0.06)+('energy duty'!F5*($AC$21*$AC$18+$AC$22*$AC$19))*1000 -> 396.1751 | G5: =-PMT(10%,2,$Y$3*1.085,,0)+$Y$3*($Y$8+0.06)+('energy duty'!G5*($AC$21*$AC$18+$AC$22*$AC$19))*1000 -> 397.89592 | H5: =-PMT(10%,2,$Y$3*1.085,,0)+$Y$3*($Y$8+0.06)+('energy duty'!H5*($AC$21*$AC$18+$AC$22*$AC$19))*1000 -> 389.44826 | I5: =-PMT(10%,2,$Y$3*1.085,,0)+$Y$3*($Y$8+0.06)+('energy duty'!I5*($AC$21*$AC$18+$AC$22*$AC$19))*1000 -> 381.00059 | ... R5: =-PMT(10%,2,$Y$3*1.085,,0)+$Y$3*($Y$8+0.06)+('energy duty'!R5*($AC$21*$AC$18+$AC$22*$AC$19))*1000 -> 332.3051
A6: 0.2 | B6: =-PMT(10%,2,$Y$3*1.085,,0)+$Y$3*($Y$8+0.06)+('energy duty'!B6*($AC$21*$AC$18+$AC$22*$AC$19))*1000 -> 422.13937 | C6: =-PMT(10%,2,$Y$3*1.085,,0)+$Y$3*($Y$8+0.06)+('energy duty'!C6*($AC$21*$AC$18+$AC$22*$AC$19))*1000 -> 418.23289 | D6: =-PMT(10%,2,$Y$3*1.085,,0)+$Y$3*($Y$8+0.06)+('energy duty'!D6*($AC$21*$AC$18+$AC$22*$AC$19))*1000 -> 408.76837 | E6: =-PMT(10%,2,$Y$3*1.085,,0)+$Y$3*($Y$8+0.06)+('energy duty'!E6*($AC$21*$AC$18+$AC$22*$AC$19))*1000 -> 399.30386 | F6: =-PMT(10%,2,$Y$3*1.085,,0)+$Y$3*($Y$8+0.06)+('energy duty'!F6*($AC$21*$AC$18+$AC$22*$AC$19))*1000 -> 399.53852 | G6: =-PMT(10%,2,$Y$3*1.085,,0)+$Y$3*($Y$8+0.06)+('energy duty'!G6*($AC$21*$AC$18+$AC$22*$AC$19))*1000 -> 399.77318 | H6: =-PMT(10%,2,$Y$3*1.085,,0)+$Y$3*($Y$8+0.06)+('energy duty'!H6*($AC$21*$AC$18+$AC$22*$AC$19))*1000 -> 391.24729 | I6: =-PMT(10%,2,$Y$3*1.085,,0)+$Y$3*($Y$8+0.06)+('energy duty'!I6*($AC$21*$AC$18+$AC$22*$AC$19))*1000 -> 382.72141 | ... R6: =-PMT(10%,2,$Y$3*1.085,,0)+$Y$3*($Y$8+0.06)+('energy duty'!R6*($AC$21*$AC$18+$AC$22*$AC$19))*1000 -> 328.34796 | X6: opex
A7: 0.25 | B7: =-PMT(10%,2,$Y$3*1.085,,0)+$Y$3*($Y$8+0.06)+('energy duty'!B7*($AC$21*$AC$18+$AC$22*$AC$19))*1000 -> 424.76157 | C7: =-PMT(10%,2,$Y$3*1.085,,0)+$Y$3*($Y$8+0.06)+('energy duty'!C7*($AC$21*$AC$18+$AC$22*$AC$19))*1000 -> 418.85864 | D7: =-PMT(10%,2,$Y$3*1.085,,0)+$Y$3*($Y$8+0.06)+('energy duty'!D7*($AC$21*$AC$18+$AC$22*$AC$19))*1000 -> 411.50604 | E7: =-PMT(10%,2,$Y$3*1.085,,0)+$Y$3*($Y$8+0.06)+('energy duty'!E7*($AC$21*$AC$18+$AC$22*$AC$19))*1000 -> 404.15345 | F7: =-PMT(10%,2,$Y$3*1.085,,0)+$Y$3*($Y$8+0.06)+('energy duty'!F7*($AC$21*$AC$18+$AC$22*$AC$19))*1000 -> 402.90194 | G7: =-PMT(10%,2,$Y$3*1.085,,0)+$Y$3*($Y$8+0.06)+('energy duty'!G7*($AC$21*$AC$18+$AC$22*$AC$19))*1000 -> 401.65044 | H7: =-PMT(10%,2,$Y$3*1.085,,0)+$Y$3*($Y$8+0.06)+('energy duty'!H7*($AC$21*$AC$18+$AC$22*$AC$19))*1000 -> 393.04633 | I7: =-PMT(10%,2,$Y$3*1.085,,0)+$Y$3*($Y$8+0.06)+('energy duty'!I7*($AC$21*$AC$18+$AC$22*$AC$19))*1000 -> 384.44223 | ... R7: =-PMT(10%,2,$Y$3*1.085,,0)+$Y$3*($Y$8+0.06)+('energy duty'!R7*($AC$21*$AC$18+$AC$22*$AC$19))*1000 -> 324.39082 | X7: fixed om
A8: 0.3 | B8: =-PMT(10%,2,$Y$3*1.085,,0)+$Y$3*($Y$8+0.06)+('energy duty'!B8*($AC$21*$AC$18+$AC$22*$AC$19))*1000 -> 426.58743 | C8: =-PMT(10%,2,$Y$3*1.085,,0)+$Y$3*($Y$8+0.06)+('energy duty'!C8*($AC$21*$AC$18+$AC$22*$AC$19))*1000 -> 420.57946 | D8: =-PMT(10%,2,$Y$3*1.085,,0)+$Y$3*($Y$8+0.06)+('energy duty'!D8*($AC$21*$AC$18+$AC$22*$AC$19))*1000 -> 414.16549 | E8: =-PMT(10%,2,$Y$3*1.085,,0)+$Y$3*($Y$8+0.06)+('energy duty'!E8*($AC$21*$AC$18+$AC$22*$AC$19))*1000 -> 407.75153 | F8: =-PMT(10%,2,$Y$3*1.085,,0)+$Y$3*($Y$8+0.06)+('energy duty'!F8*($AC$21*$AC$18+$AC$22*$AC$19))*1000 -> 403.21482 | G8: =-PMT(10%,2,$Y$3*1.085,,0)+$Y$3*($Y$8+0.06)+('energy duty'!G8*($AC$21*$AC$18+$AC$22*$AC$19))*1000 -> 398.67811 | H8: =-PMT(10%,2,$Y$3*1.085,,0)+$Y$3*($Y$8+0.06)+('energy duty'!H8*($AC$21*$AC$18+$AC$22*$AC$19))*1000 -> 391.32551 | I8: =-PMT(10%,2,$Y$3*1.085,,0)+$Y$3*($Y$8+0.06)+('energy duty'!I8*($AC$21*$AC$18+$AC$22*$AC$19))*1000 -> 383.97292 | ... R8: =-PMT(10%,2,$Y$3*1.085,,0)+$Y$3*($Y$8+0.06)+('energy duty'!R8*($AC$21*$AC$18+$AC$22*$AC$19))*1000 -> 326.16304 | X8: DAC | Y8: 0.037
A9: 0.35 | B9: =-PMT(10%,2,$Y$3*1.085,,0)+$Y$3*($Y$8+0.06)+('energy duty'!B9*($AC$21*$AC$18+$AC$22*$AC$19))*1000 -> 428.41329 | C9: =-PMT(10%,2,$Y$3*1.085,,0)+$Y$3*($Y$8+0.06)+('energy duty'!C9*($AC$21*$AC$18+$AC$22*$AC$19))*1000 -> 422.30028 | D9: =-PMT(10%,2,$Y$3*1.085,,0)+$Y$3*($Y$8+0.06)+('energy duty'!D9*($AC$21*$AC$18+$AC$22*$AC$19))*1000 -> 416.82494 | E9: =-PMT(10%,2,$Y$3*1.085,,0)+$Y$3*($Y$8+0.06)+('energy duty'!E9*($AC$21*$AC$18+$AC$22*$AC$19))*1000 -> 411.3496 | F9: =-PMT(10%,2,$Y$3*1.085,,0)+$Y$3*($Y$8+0.06)+('energy duty'!F9*($AC$21*$AC$18+$AC$22*$AC$19))*1000 -> 403.52769 | G9: =-PMT(10%,2,$Y$3*1.085,,0)+$Y$3*($Y$8+0.06)+('energy duty'!G9*($AC$21*$AC$18+$AC$22*$AC$19))*1000 -> 395.70578 | H9: =-PMT(10%,2,$Y$3*1.085,,0)+$Y$3*($Y$8+0.06)+('energy duty'!H9*($AC$21*$AC$18+$AC$22*$AC$19))*1000 -> 389.60469 | I9: =-PMT(10%,2,$Y$3*1.085,,0)+$Y$3*($Y$8+0.06)+('energy duty'!I9*($AC$21*$AC$18+$AC$22*$AC$19))*1000 -> 383.5036 | ... R9: =-PMT(10%,2,$Y$3*1.085,,0)+$Y$3*($Y$8+0.06)+('energy duty'!R9*($AC$21*$AC$18+$AC$22*$AC$19))*1000 -> 327.93526 | X9: nuclear | Y9: 0.02
A10: 0.4 | B10: =-PMT(10%,2,$Y$3*1.085,,0)+$Y$3*($Y$8+0.06)+('energy duty'!B10*($AC$21*$AC$18+$AC$22*$AC$19))*1000 -> 433.78806 | C10: =-PMT(10%,2,$Y$3*1.085,,0)+$Y$3*($Y$8+0.06)+('energy duty'!C10*($AC$21*$AC$18+$AC$22*$AC$19))*1000 -> 429.65287 | D10: =-PMT(10%,2,$Y$3*1.085,,0)+$Y$3*($Y$8+0.06)+('energy duty'!D10*($AC$21*$AC$18+$AC$22*$AC$19))*1000 -> 422.3785 | E10: =-PMT(10%,2,$Y$3*1.085,,0)+$Y$3*($Y$8+0.06)+('energy duty'!E10*($AC$21*$AC$18+$AC$22*$AC$19))*1000 -> 415.10412 | F10: =-PMT(10%,2,$Y$3*1.085,,0)+$Y$3*($Y$8+0.06)+('energy duty'!F10*($AC$21*$AC$18+$AC$22*$AC$19))*1000 -> 407.20399 | G10: =-PMT(10%,2,$Y$3*1.085,,0)+$Y$3*($Y$8+0.06)+('energy duty'!G10*($AC$21*$AC$18+$AC$22*$AC$19))*1000 -> 399.30386 | H10: =-PMT(10%,2,$Y$3*1.085,,0)+$Y$3*($Y$8+0.06)+('energy duty'!H10*($AC$21*$AC$18+$AC$22*$AC$19))*1000 -> 393.51565 | I10: =-PMT(10%,2,$Y$3*1.085,,0)+$Y$3*($Y$8+0.06)+('energy duty'!I10*($AC$21*$AC$18+$AC$22*$AC$19))*1000 -> 387.72743 | ... R10: =-PMT(10%,2,$Y$3*1.085,,0)+$Y$3*($Y$8+0.06)+('energy duty'!R10*($AC$21*$AC$18+$AC$22*$AC$19))*1000 -> 326.53402
A11: 0.45 | B11: =-PMT(10%,2,$Y$3*1.085,,0)+$Y$3*($Y$8+0.06)+('energy duty'!B11*($AC$21*$AC$18+$AC$22*$AC$19))*1000 -> 439.16283 | C11: =-PMT(10%,2,$Y$3*1.085,,0)+$Y$3*($Y$8+0.06)+('energy duty'!C11*($AC$21*$AC$18+$AC$22*$AC$19))*1000 -> 437.00547 | D11: =-PMT(10%,2,$Y$3*1.085,,0)+$Y$3*($Y$8+0.06)+('energy duty'!D11*($AC$21*$AC$18+$AC$22*$AC$19))*1000 -> 427.93205 | E11: =-PMT(10%,2,$Y$3*1.085,,0)+$Y$3*($Y$8+0.06)+('energy duty'!E11*($AC$21*$AC$18+$AC$22*$AC$19))*1000 -> 418.85864 | F11: =-PMT(10%,2,$Y$3*1.085,,0)+$Y$3*($Y$8+0.06)+('energy duty'!F11*($AC$21*$AC$18+$AC$22*$AC$19))*1000 -> 410.88029 | G11: =-PMT(10%,2,$Y$3*1.085,,0)+$Y$3*($Y$8+0.06)+('energy duty'!G11*($AC$21*$AC$18+$AC$22*$AC$19))*1000 -> 402.90194 | H11: =-PMT(10%,2,$Y$3*1.085,,0)+$Y$3*($Y$8+0.06)+('energy duty'!H11*($AC$21*$AC$18+$AC$22*$AC$19))*1000 -> 397.4266 | I11: =-PMT(10%,2,$Y$3*1.085,,0)+$Y$3*($Y$8+0.06)+('energy duty'!I11*($AC$21*$AC$18+$AC$22*$AC$19))*1000 -> 391.95127 | ... R11: =-PMT(10%,2,$Y$3*1.085,,0)+$Y$3*($Y$8+0.06)+('energy duty'!R11*($AC$21*$AC$18+$AC$22*$AC$19))*1000 -> 325.13278 | AB11: cost of energy
A12: 0.5 | B12: =-PMT(10%,2,$Y$3*1.085,,0)+$Y$3*($Y$8+0.06)+('energy duty'!B12*($AC$21*$AC$18+$AC$22*$AC$19))*1000 -> 437.9508 | C12: =-PMT(10%,2,$Y$3*1.085,,0)+$Y$3*($Y$8+0.06)+('energy duty'!C12*($AC$21*$AC$18+$AC$22*$AC$19))*1000 -> 431.53013 | D12: =-PMT(10%,2,$Y$3*1.085,,0)+$Y$3*($Y$8+0.06)+('energy duty'!D12*($AC$21*$AC$18+$AC$22*$AC$19))*1000 -> 424.88151 | E12: =-PMT(10%,2,$Y$3*1.085,,0)+$Y$3*($Y$8+0.06)+('energy duty'!E12*($AC$21*$AC$18+$AC$22*$AC$19))*1000 -> 418.23289 | F12: =-PMT(10%,2,$Y$3*1.085,,0)+$Y$3*($Y$8+0.06)+('energy duty'!F12*($AC$21*$AC$18+$AC$22*$AC$19))*1000 -> 411.19317 | G12: =-PMT(10%,2,$Y$3*1.085,,0)+$Y$3*($Y$8+0.06)+('energy duty'!G12*($AC$21*$AC$18+$AC$22*$AC$19))*1000 -> 404.15345 | H12: =-PMT(10%,2,$Y$3*1.085,,0)+$Y$3*($Y$8+0.06)+('energy duty'!H12*($AC$21*$AC$18+$AC$22*$AC$19))*1000 -> 398.05236 | I12: =-PMT(10%,2,$Y$3*1.085,,0)+$Y$3*($Y$8+0.06)+('energy duty'!I12*($AC$21*$AC$18+$AC$22*$AC$19))*1000 -> 391.95127 | ... R12: =-PMT(10%,2,$Y$3*1.085,,0)+$Y$3*($Y$8+0.06)+('energy duty'!R12*($AC$21*$AC$18+$AC$22*$AC$19))*1000 -> 327.21043 | X12: uranium needs | Y12: 30.8 | Z12: kg/1GWh | AC12: =(-PMT(10%,AC4,Y4,,0)+Y9*Y4) -> 510.79983
A13: 0.55 | B13: =-PMT(10%,2,$Y$3*1.085,,0)+$Y$3*($Y$8+0.06)+('energy duty'!B13*($AC$21*$AC$18+$AC$22*$AC$19))*1000 -> 436.73878 | C13: =-PMT(10%,2,$Y$3*1.085,,0)+$Y$3*($Y$8+0.06)+('energy duty'!C13*($AC$21*$AC$18+$AC$22*$AC$19))*1000 -> 426.0548 | D13: =-PMT(10%,2,$Y$3*1.085,,0)+$Y$3*($Y$8+0.06)+('energy duty'!D13*($AC$21*$AC$18+$AC$22*$AC$19))*1000 -> 421.83096 | E13: =-PMT(10%,2,$Y$3*1.085,,0)+$Y$3*($Y$8+0.06)+('energy duty'!E13*($AC$21*$AC$18+$AC$22*$AC$19))*1000 -> 417.60713 | F13: =-PMT(10%,2,$Y$3*1.085,,0)+$Y$3*($Y$8+0.06)+('energy duty'!F13*($AC$21*$AC$18+$AC$22*$AC$19))*1000 -> 411.50604 | G13: =-PMT(10%,2,$Y$3*1.085,,0)+$Y$3*($Y$8+0.06)+('energy duty'!G13*($AC$21*$AC$18+$AC$22*$AC$19))*1000 -> 405.40495 | H13: =-PMT(10%,2,$Y$3*1.085,,0)+$Y$3*($Y$8+0.06)+('energy duty'!H13*($AC$21*$AC$18+$AC$22*$AC$19))*1000 -> 398.67811 | I13: =-PMT(10%,2,$Y$3*1.085,,0)+$Y$3*($Y$8+0.06)+('energy duty'!I13*($AC$21*$AC$18+$AC$22*$AC$19))*1000 -> 391.95127 | ... R13: =-PMT(10%,2,$Y$3*1.085,,0)+$Y$3*($Y$8+0.06)+('energy duty'!R13*($AC$21*$AC$18+$AC$22*$AC$19))*1000 -> 329.28808 | Y13: =Y12*580.1 -> 17867.08 | Z13: $/GWh | AB13: thermal | AC13: =AC12*AD13*AF13/(AD13*AF13+AD14*AF14)/AD13+Y14*AD13/(AD14+AD13) -> 0.024048963 | AD13: =AD14/AC16*(1-AC16) -> 9636 | AE13: kWh/year | AF13: 0.03
A14: 0.6 | B14: =-PMT(10%,2,$Y$3*1.085,,0)+$Y$3*($Y$8+0.06)+('energy duty'!B14*($AC$21*$AC$18+$AC$22*$AC$19))*1000 -> 444.82366 | C14: =-PMT(10%,2,$Y$3*1.085,,0)+$Y$3*($Y$8+0.06)+('energy duty'!C14*($AC$21*$AC$18+$AC$22*$AC$19))*1000 -> 443.73231 | D14: =-PMT(10%,2,$Y$3*1.085,,0)+$Y$3*($Y$8+0.06)+('energy duty'!D14*($AC$21*$AC$18+$AC$22*$AC$19))*1000 -> 432.78164 | E14: =-PMT(10%,2,$Y$3*1.085,,0)+$Y$3*($Y$8+0.06)+('energy duty'!E14*($AC$21*$AC$18+$AC$22*$AC$19))*1000 -> 421.83096 | F14: =-PMT(10%,2,$Y$3*1.085,,0)+$Y$3*($Y$8+0.06)+('energy duty'!F14*($AC$21*$AC$18+$AC$22*$AC$19))*1000 -> 411.7407 | G14: =-PMT(10%,2,$Y$3*1.085,,0)+$Y$3*($Y$8+0.06)+('energy duty'!G14*($AC$21*$AC$18+$AC$22*$AC$19))*1000 -> 401.65044 | H14: =-PMT(10%,2,$Y$3*1.085,,0)+$Y$3*($Y$8+0.06)+('energy duty'!H14*($AC$21*$AC$18+$AC$22*$AC$19))*1000 -> 400.16427 | I14: =-PMT(10%,2,$Y$3*1.085,,0)+$Y$3*($Y$8+0.06)+('energy duty'!I14*($AC$21*$AC$18+$AC$22*$AC$19))*1000 -> 398.67811 | ... R14: =-PMT(10%,2,$Y$3*1.085,,0)+$Y$3*($Y$8+0.06)+('energy duty'!R14*($AC$21*$AC$18+$AC$22*$AC$19))*1000 -> 327.2 | Y14: =Y13/1000000 -> 0.01786708 | Z14: $/kWh | AB14: electricity | AC14: =AC12*AD14*AF14/(AD13*AF13+AD14*AF14)/AD14+Y14*AD14/(AD14+AD13) -> 0.055447083 | AD14: =8760*0.9 -> 7884 | AE14: kWh/year | AF14: 0.1
A15: 0.65 | B15: =-PMT(10%,2,$Y$3*1.085,,0)+$Y$3*($Y$8+0.06)+('energy duty'!B15*($AC$21*$AC$18+$AC$22*$AC$19))*1000 -> 452.90853 | C15: =-PMT(10%,2,$Y$3*1.085,,0)+$Y$3*($Y$8+0.06)+('energy duty'!C15*($AC$21*$AC$18+$AC$22*$AC$19))*1000 -> 461.40983 | D15: =-PMT(10%,2,$Y$3*1.085,,0)+$Y$3*($Y$8+0.06)+('energy duty'!D15*($AC$21*$AC$18+$AC$22*$AC$19))*1000 -> 443.73231 | E15: =-PMT(10%,2,$Y$3*1.085,,0)+$Y$3*($Y$8+0.06)+('energy duty'!E15*($AC$21*$AC$18+$AC$22*$AC$19))*1000 -> 426.0548 | F15: =-PMT(10%,2,$Y$3*1.085,,0)+$Y$3*($Y$8+0.06)+('energy duty'!F15*($AC$21*$AC$18+$AC$22*$AC$19))*1000 -> 411.97536 | G15: =-PMT(10%,2,$Y$3*1.085,,0)+$Y$3*($Y$8+0.06)+('energy duty'!G15*($AC$21*$AC$18+$AC$22*$AC$19))*1000 -> 397.89592 | H15: =-PMT(10%,2,$Y$3*1.085,,0)+$Y$3*($Y$8+0.06)+('energy duty'!H15*($AC$21*$AC$18+$AC$22*$AC$19))*1000 -> 401.65044 | I15: =-PMT(10%,2,$Y$3*1.085,,0)+$Y$3*($Y$8+0.06)+('energy duty'!I15*($AC$21*$AC$18+$AC$22*$AC$19))*1000 -> 405.40495 | ... R15: =-PMT(10%,2,$Y$3*1.085,,0)+$Y$3*($Y$8+0.06)+('energy duty'!R15*($AC$21*$AC$18+$AC$22*$AC$19))*1000 -> 325.11192
A16: 0.7 | B16: =-PMT(10%,2,$Y$3*1.085,,0)+$Y$3*($Y$8+0.06)+('energy duty'!B16*($AC$21*$AC$18+$AC$22*$AC$19))*1000 -> 461.08206 | C16: =-PMT(10%,2,$Y$3*1.085,,0)+$Y$3*($Y$8+0.06)+('energy duty'!C16*($AC$21*$AC$18+$AC$22*$AC$19))*1000 -> 482.21611 | D16: =-PMT(10%,2,$Y$3*1.085,,0)+$Y$3*($Y$8+0.06)+('energy duty'!D16*($AC$21*$AC$18+$AC$22*$AC$19))*1000 -> 453.5097 | E16: =-PMT(10%,2,$Y$3*1.085,,0)+$Y$3*($Y$8+0.06)+('energy duty'!E16*($AC$21*$AC$18+$AC$22*$AC$19))*1000 -> 424.80329 | F16: =-PMT(10%,2,$Y$3*1.085,,0)+$Y$3*($Y$8+0.06)+('energy duty'!F16*($AC$21*$AC$18+$AC$22*$AC$19))*1000 -> 415.0259 | G16: =-PMT(10%,2,$Y$3*1.085,,0)+$Y$3*($Y$8+0.06)+('energy duty'!G16*($AC$21*$AC$18+$AC$22*$AC$19))*1000 -> 405.24851 | H16: =-PMT(10%,2,$Y$3*1.085,,0)+$Y$3*($Y$8+0.06)+('energy duty'!H16*($AC$21*$AC$18+$AC$22*$AC$19))*1000 -> 403.1366 | I16: =-PMT(10%,2,$Y$3*1.085,,0)+$Y$3*($Y$8+0.06)+('energy duty'!I16*($AC$21*$AC$18+$AC$22*$AC$19))*1000 -> 401.02468 | ... R16: =-PMT(10%,2,$Y$3*1.085,,0)+$Y$3*($Y$8+0.06)+('energy duty'!R16*($AC$21*$AC$18+$AC$22*$AC$19))*1000 -> 325.99096 | X16: sorbent | AB16: nuclear efficiency | AC16: 0.45
A17: 0.75 | B17: =-PMT(10%,2,$Y$3*1.085,,0)+$Y$3*($Y$8+0.06)+('energy duty'!B17*($AC$21*$AC$18+$AC$22*$AC$19))*1000 -> 469.25558 | C17: =-PMT(10%,2,$Y$3*1.085,,0)+$Y$3*($Y$8+0.06)+('energy duty'!C17*($AC$21*$AC$18+$AC$22*$AC$19))*1000 -> 503.02239 | D17: =-PMT(10%,2,$Y$3*1.085,,0)+$Y$3*($Y$8+0.06)+('energy duty'!D17*($AC$21*$AC$18+$AC$22*$AC$19))*1000 -> 463.28709 | E17: =-PMT(10%,2,$Y$3*1.085,,0)+$Y$3*($Y$8+0.06)+('energy duty'!E17*($AC$21*$AC$18+$AC$22*$AC$19))*1000 -> 423.55178 | F17: =-PMT(10%,2,$Y$3*1.085,,0)+$Y$3*($Y$8+0.06)+('energy duty'!F17*($AC$21*$AC$18+$AC$22*$AC$19))*1000 -> 418.07645 | G17: =-PMT(10%,2,$Y$3*1.085,,0)+$Y$3*($Y$8+0.06)+('energy duty'!G17*($AC$21*$AC$18+$AC$22*$AC$19))*1000 -> 412.60111 | H17: =-PMT(10%,2,$Y$3*1.085,,0)+$Y$3*($Y$8+0.06)+('energy duty'!H17*($AC$21*$AC$18+$AC$22*$AC$19))*1000 -> 404.62276 | I17: =-PMT(10%,2,$Y$3*1.085,,0)+$Y$3*($Y$8+0.06)+('energy duty'!I17*($AC$21*$AC$18+$AC$22*$AC$19))*1000 -> 396.64441 | ... R17: =-PMT(10%,2,$Y$3*1.085,,0)+$Y$3*($Y$8+0.06)+('energy duty'!R17*($AC$21*$AC$18+$AC$22*$AC$19))*1000 -> 326.86999 | X17: capacity | Y17: 130 | Z17: kg Co2/kg sorbent | AC17: =CONVERT(1,"Wh","J")/1000 -> 3.6
A18: 0.8 | B18: =-PMT(10%,2,$Y$3*1.085,,0)+$Y$3*($Y$8+0.06)+('energy duty'!B18*($AC$21*$AC$18+$AC$22*$AC$19))*1000 -> 475.65092 | C18: =-PMT(10%,2,$Y$3*1.085,,0)+$Y$3*($Y$8+0.06)+('energy duty'!C18*($AC$21*$AC$18+$AC$22*$AC$19))*1000 -> 494.41829 | D18: =-PMT(10%,2,$Y$3*1.085,,0)+$Y$3*($Y$8+0.06)+('energy duty'!D18*($AC$21*$AC$18+$AC$22*$AC$19))*1000 -> 470.63969 | E18: =-PMT(10%,2,$Y$3*1.085,,0)+$Y$3*($Y$8+0.06)+('energy duty'!E18*($AC$21*$AC$18+$AC$22*$AC$19))*1000 -> 446.86108 | F18: =-PMT(10%,2,$Y$3*1.085,,0)+$Y$3*($Y$8+0.06)+('energy duty'!F18*($AC$21*$AC$18+$AC$22*$AC$19))*1000 -> 431.29548 | G18: =-PMT(10%,2,$Y$3*1.085,,0)+$Y$3*($Y$8+0.06)+('energy duty'!G18*($AC$21*$AC$18+$AC$22*$AC$19))*1000 -> 415.72987 | H18: =-PMT(10%,2,$Y$3*1.085,,0)+$Y$3*($Y$8+0.06)+('energy duty'!H18*($AC$21*$AC$18+$AC$22*$AC$19))*1000 -> 409.55057 | I18: =-PMT(10%,2,$Y$3*1.085,,0)+$Y$3*($Y$8+0.06)+('energy duty'!I18*($AC$21*$AC$18+$AC$22*$AC$19))*1000 -> 403.37126 | ... R18: =-PMT(10%,2,$Y$3*1.085,,0)+$Y$3*($Y$8+0.06)+('energy duty'!R18*($AC$21*$AC$18+$AC$22*$AC$19))*1000 -> 333.60503 | X18: cost | Y18: =30*1.14 -> 34.2 | Z18: $/kg sorbent | AB18: thermal | AC18: =AC13/$AC$17 -> 0.0066802675 | AD18: /MJ thermal
A19: 0.85 | B19: =-PMT(10%,2,$Y$3*1.085,,0)+$Y$3*($Y$8+0.06)+('energy duty'!B19*($AC$21*$AC$18+$AC$22*$AC$19))*1000 -> 482.04627 | C19: =-PMT(10%,2,$Y$3*1.085,,0)+$Y$3*($Y$8+0.06)+('energy duty'!C19*($AC$21*$AC$18+$AC$22*$AC$19))*1000 -> 485.81419 | D19: =-PMT(10%,2,$Y$3*1.085,,0)+$Y$3*($Y$8+0.06)+('energy duty'!D19*($AC$21*$AC$18+$AC$22*$AC$19))*1000 -> 477.99228 | E19: =-PMT(10%,2,$Y$3*1.085,,0)+$Y$3*($Y$8+0.06)+('energy duty'!E19*($AC$21*$AC$18+$AC$22*$AC$19))*1000 -> 470.17037 | F19: =-PMT(10%,2,$Y$3*1.085,,0)+$Y$3*($Y$8+0.06)+('energy duty'!F19*($AC$21*$AC$18+$AC$22*$AC$19))*1000 -> 444.5145 | G19: =-PMT(10%,2,$Y$3*1.085,,0)+$Y$3*($Y$8+0.06)+('energy duty'!G19*($AC$21*$AC$18+$AC$22*$AC$19))*1000 -> 418.85864 | H19: =-PMT(10%,2,$Y$3*1.085,,0)+$Y$3*($Y$8+0.06)+('energy duty'!H19*($AC$21*$AC$18+$AC$22*$AC$19))*1000 -> 414.47837 | I19: =-PMT(10%,2,$Y$3*1.085,,0)+$Y$3*($Y$8+0.06)+('energy duty'!I19*($AC$21*$AC$18+$AC$22*$AC$19))*1000 -> 410.0981 | ... R19: =-PMT(10%,2,$Y$3*1.085,,0)+$Y$3*($Y$8+0.06)+('energy duty'!R19*($AC$21*$AC$18+$AC$22*$AC$19))*1000 -> 340.34007 | AB19: electricity | AC19: =AC14/$AC$17 -> 0.015401967 | AD19: /MJ electricity
A20: 0.9 | B20: =-PMT(10%,2,$Y$3*1.085,,0)+$Y$3*($Y$8+0.06)+('energy duty'!B20*($AC$21*$AC$18+$AC$22*$AC$19))*1000 -> 498.33744 | C20: =-PMT(10%,2,$Y$3*1.085,,0)+$Y$3*($Y$8+0.06)+('energy duty'!C20*($AC$21*$AC$18+$AC$22*$AC$19))*1000 -> 521.95142 | D20: =-PMT(10%,2,$Y$3*1.085,,0)+$Y$3*($Y$8+0.06)+('energy duty'!D20*($AC$21*$AC$18+$AC$22*$AC$19))*1000 -> 497.54706 | E20: =-PMT(10%,2,$Y$3*1.085,,0)+$Y$3*($Y$8+0.06)+('energy duty'!E20*($AC$21*$AC$18+$AC$22*$AC$19))*1000 -> 473.1427 | F20: =-PMT(10%,2,$Y$3*1.085,,0)+$Y$3*($Y$8+0.06)+('energy duty'!F20*($AC$21*$AC$18+$AC$22*$AC$19))*1000 -> 449.91162 | G20: =-PMT(10%,2,$Y$3*1.085,,0)+$Y$3*($Y$8+0.06)+('energy duty'!G20*($AC$21*$AC$18+$AC$22*$AC$19))*1000 -> 426.68055 | H20: =-PMT(10%,2,$Y$3*1.085,,0)+$Y$3*($Y$8+0.06)+('energy duty'!H20*($AC$21*$AC$18+$AC$22*$AC$19))*1000 -> 419.01508 | I20: =-PMT(10%,2,$Y$3*1.085,,0)+$Y$3*($Y$8+0.06)+('energy duty'!I20*($AC$21*$AC$18+$AC$22*$AC$19))*1000 -> 411.3496 | ... R20: =-PMT(10%,2,$Y$3*1.085,,0)+$Y$3*($Y$8+0.06)+('energy duty'!R20*($AC$21*$AC$18+$AC$22*$AC$19))*1000 -> 339.80743
A21: 0.95 | B21: =-PMT(10%,2,$Y$3*1.085,,0)+$Y$3*($Y$8+0.06)+('energy duty'!B21*($AC$21*$AC$18+$AC$22*$AC$19))*1000 -> 514.62862 | C21: =-PMT(10%,2,$Y$3*1.085,,0)+$Y$3*($Y$8+0.06)+('energy duty'!C21*($AC$21*$AC$18+$AC$22*$AC$19))*1000 -> 558.08864 | D21: =-PMT(10%,2,$Y$3*1.085,,0)+$Y$3*($Y$8+0.06)+('energy duty'!D21*($AC$21*$AC$18+$AC$22*$AC$19))*1000 -> 517.10183 | E21: =-PMT(10%,2,$Y$3*1.085,,0)+$Y$3*($Y$8+0.06)+('energy duty'!E21*($AC$21*$AC$18+$AC$22*$AC$19))*1000 -> 476.11502 | F21: =-PMT(10%,2,$Y$3*1.085,,0)+$Y$3*($Y$8+0.06)+('energy duty'!F21*($AC$21*$AC$18+$AC$22*$AC$19))*1000 -> 455.30874 | G21: =-PMT(10%,2,$Y$3*1.085,,0)+$Y$3*($Y$8+0.06)+('energy duty'!G21*($AC$21*$AC$18+$AC$22*$AC$19))*1000 -> 434.50246 | H21: =-PMT(10%,2,$Y$3*1.085,,0)+$Y$3*($Y$8+0.06)+('energy duty'!H21*($AC$21*$AC$18+$AC$22*$AC$19))*1000 -> 423.55178 | I21: =-PMT(10%,2,$Y$3*1.085,,0)+$Y$3*($Y$8+0.06)+('energy duty'!I21*($AC$21*$AC$18+$AC$22*$AC$19))*1000 -> 412.60111 | ... R21: =-PMT(10%,2,$Y$3*1.085,,0)+$Y$3*($Y$8+0.06)+('energy duty'!R21*($AC$21*$AC$18+$AC$22*$AC$19))*1000 -> 339.2748 | AC21: 0.87 | AD21: energy from thermal
A22: 1 | B22: =-PMT(10%,2,$Y$3*1.085,,0)+$Y$3*($Y$8+0.06)+('energy duty'!B22*($AC$21*$AC$18+$AC$22*$AC$19))*1000 -> 495.6133 | C22: =-PMT(10%,2,$Y$3*1.085,,0)+$Y$3*($Y$8+0.06)+('energy duty'!C22*($AC$21*$AC$18+$AC$22*$AC$19))*1000 -> 519.9534 | D22: =-PMT(10%,2,$Y$3*1.085,,0)+$Y$3*($Y$8+0.06)+('energy duty'!D22*($AC$21*$AC$18+$AC$22*$AC$19))*1000 -> 491.57084 | E22: =-PMT(10%,2,$Y$3*1.085,,0)+$Y$3*($Y$8+0.06)+('energy duty'!E22*($AC$21*$AC$18+$AC$22*$AC$19))*1000 -> 463.18829 | F22: =-PMT(10%,2,$Y$3*1.085,,0)+$Y$3*($Y$8+0.06)+('energy duty'!F22*($AC$21*$AC$18+$AC$22*$AC$19))*1000 -> 443.10382 | G22: =-PMT(10%,2,$Y$3*1.085,,0)+$Y$3*($Y$8+0.06)+('energy duty'!G22*($AC$21*$AC$18+$AC$22*$AC$19))*1000 -> 423.01935 | H22: =-PMT(10%,2,$Y$3*1.085,,0)+$Y$3*($Y$8+0.06)+('energy duty'!H22*($AC$21*$AC$18+$AC$22*$AC$19))*1000 -> 419.32521 | I22: =-PMT(10%,2,$Y$3*1.085,,0)+$Y$3*($Y$8+0.06)+('energy duty'!I22*($AC$21*$AC$18+$AC$22*$AC$19))*1000 -> 415.63107 | ... R22: =-PMT(10%,2,$Y$3*1.085,,0)+$Y$3*($Y$8+0.06)+('energy duty'!R22*($AC$21*$AC$18+$AC$22*$AC$19))*1000 -> 333.6371 | AC22: 0.13 | AD22: energy from electricity
