Workbook

Sheet storage capacity
A1: Country | B1: Continent | C1: Grouping | G1: Grouping | L1: Country | N1: storage capacity | Q1: Group / countries | T1: Storage capacity | U1: Latitude | V1: Longitude
A2: Afghanistan | B2: Asia | C2: Middle east | G2: North africa | H2: =COUNTIF($C$2:$C$195,G2) -> 0 | L2: Afghanistan | M2: =VLOOKUP(L2,$A$2:$C$195,3,FALSE) -> Middle east | N2: 0 | Q2: Sub-saharan africa | T2: =SUMIF($M$2:$M$196,Q2,$N$2:$N$196) -> 223.03 | U2: -4.2694 | V2: 15.2712
A3: Albania | B3: Europe | C3: Other eurasia | G3: Sub-saharan africa | H3: =COUNTIF($C$2:$C$195,G3) -> 49 | L3: Albania | M3: =VLOOKUP(L3,$A$2:$C$195,3,FALSE) -> Other eurasia | N3: 3.711 | Q3: Other eurasia | T3: =SUMIF($M$2:$M$196,Q3,$N$2:$N$196) -> 1043.6532 | U3: 39.9208 | V3: 32.854
A4: Algeria | B4: Africa | C4: Middle east | G4: Other eurasia | H4: =COUNTIF($C$2:$C$195,G4) -> 36 | L4: Algeria | M4: =VLOOKUP(L4,$A$2:$C$195,3,FALSE) -> Middle east | N4: 10 | Q4: Other latin america | T4: =SUMIF($M$2:$M$196,Q4,$N$2:$N$196) -> 1.02337 | U4: 4.6534 | V4: -74.0837
A5: Andorra | B5: Europe | C5: Other eurasia | G5: Other latin america | H5: =COUNTIF($C$2:$C$195,G5) -> 28 | L5: Andorra | M5: =VLOOKUP(L5,$A$2:$C$195,3,FALSE) -> Other eurasia | N5: 0 | Q5: Middle east | T5: =SUMIF($M$2:$M$196,Q5,$N$2:$N$196) -> 260.70909 | U5: 30.0444 | V5: 31.2357
A6: Angola | B6: Africa | C6: Sub-saharan africa | G6: Middle east | H6: =COUNTIF($C$2:$C$195,G6) -> 18 | L6: Angola | M6: =VLOOKUP(L6,$A$2:$C$195,3,FALSE) -> Sub-saharan africa | N6: 0 | Q6: Other Asia pacific | T6: =SUMIF($M$2:$M$196,Q6,$N$2:$N$196) -> 85.24221 | U6: 1.3571 | V6: 103.8195
A7: Antigua & Barbuda | B7: N. America | C7: Other latin america | G7: Other Asia pacific | H7: =COUNTIF($C$2:$C$195,G7) -> 19 | L7: Antigua & Barbuda | M7: =VLOOKUP(L7,$A$2:$C$195,3,FALSE) -> Other latin america | N7: 0 | Q7: {=_xlfn._xlws.FILTER(A2:C195,C2:C195=G8)} -> Argentina | R7: S. America | S7: Country specific | T7: =VLOOKUP(Q7,$L$2:$N$196,3,FALSE) -> 2.7 | U7: =VLOOKUP(Q7,'lat lon'!$A$2:$E$195,4,FALSE) -> -34.6084 | V7: =VLOOKUP(Q7,'lat lon'!$A$2:$E$195,5,FALSE) -> -58.4441
A8: Argentina | B8: S. America | C8: Country specific | G8: Country specific | H8: =COUNTIF($C$2:$C$195,G8) -> 35 | L8: Argentina | M8: =VLOOKUP(L8,$A$2:$C$195,3,FALSE) -> Country specific | N8: 2.7 | Q8: Australia | R8: Australia | S8: Country specific | T8: =VLOOKUP(Q8,$L$2:$N$196,3,FALSE) -> 2984.5 | U8: =VLOOKUP(Q8,'lat lon'!$A$2:$E$195,4,FALSE) -> -35.293056 | V8: =VLOOKUP(Q8,'lat lon'!$A$2:$E$195,5,FALSE) -> 149.12694
A9: Armenia | B9: Asia | C9: Other eurasia | G9: Oceania | H9: =COUNTIF($C$2:$C$195,G9) -> 9 | L9: Armenia | M9: =VLOOKUP(L9,$A$2:$C$195,3,FALSE) -> Other eurasia | N9: 0 | Q9: Belgium | R9: Europe | S9: Country specific | T9: =VLOOKUP(Q9,$L$2:$N$196,3,FALSE) -> 0.199 | U9: =VLOOKUP(Q9,'lat lon'!$A$2:$E$195,4,FALSE) -> 50.846667 | V9: =VLOOKUP(Q9,'lat lon'!$A$2:$E$195,5,FALSE) -> 4.3516667
A10: Australia | B10: Australia | C10: Country specific | L10: Australia | M10: =VLOOKUP(L10,$A$2:$C$195,3,FALSE) -> Country specific | N10: 2984.5 | Q10: Brazil | R10: S. America | S10: Country specific | T10: =VLOOKUP(Q10,$L$2:$N$196,3,FALSE) -> 1489 | U10: =VLOOKUP(Q10,'lat lon'!$A$2:$E$195,4,FALSE) -> -15.793889 | V10: =VLOOKUP(Q10,'lat lon'!$A$2:$E$195,5,FALSE) -> -47.882778
A11: Austria | B11: Europe | C11: Other eurasia | L11: Austria | M11: =VLOOKUP(L11,$A$2:$C$195,3,FALSE) -> Other eurasia | N11: 0.146 | Q11: Canada | R11: N. America | S11: Country specific | T11: =VLOOKUP(Q11,$L$2:$N$196,3,FALSE) -> 1595 | U11: =VLOOKUP(Q11,'lat lon'!$A$2:$E$195,4,FALSE) -> 45.424722 | V11: =VLOOKUP(Q11,'lat lon'!$A$2:$E$195,5,FALSE) -> -75.695
A12: Azerbaijan | B12: Asia | C12: Other eurasia | L12: Azerbaijan | M12: =VLOOKUP(L12,$A$2:$C$195,3,FALSE) -> Other eurasia | N12: 0 | Q12: China | R12: Asia | S12: Country specific | T12: =VLOOKUP(Q12,$L$2:$N$196,3,FALSE) -> 2019.5 | U12: =VLOOKUP(Q12,'lat lon'!$A$2:$E$195,4,FALSE) -> 40.1906 | V12: =VLOOKUP(Q12,'lat lon'!$A$2:$E$195,5,FALSE) -> 116.4121
A13: Bahamas | B13: N. America | C13: Other latin america | L13: Bahamas | M13: =VLOOKUP(L13,$A$2:$C$195,3,FALSE) -> Other latin america | N13: 0 | Q13: Denmark | R13: Europe | S13: Country specific | T13: =VLOOKUP(Q13,$L$2:$N$196,3,FALSE) -> 16.02794 | U13: =VLOOKUP(Q13,'lat lon'!$A$2:$E$195,4,FALSE) -> 55.676111 | V13: =VLOOKUP(Q13,'lat lon'!$A$2:$E$195,5,FALSE) -> 12.568889
A14: Bahrain | B14: Asia | C14: Middle east | L14: Bahrain | M14: =VLOOKUP(L14,$A$2:$C$195,3,FALSE) -> Middle east | N14: 0 | Q14: Egypt | R14: Africa | S14: Country specific | T14: =VLOOKUP(Q14,$L$2:$N$196,3,FALSE) -> 667.17 | U14: =VLOOKUP(Q14,'lat lon'!$A$2:$E$195,4,FALSE) -> 30.044444 | V14: =VLOOKUP(Q14,'lat lon'!$A$2:$E$195,5,FALSE) -> 31.235833
A15: Bangladesh | B15: Asia | C15: Other Asia pacific | L15: Bangladesh | M15: =VLOOKUP(L15,$A$2:$C$195,3,FALSE) -> Other Asia pacific | N15: 21.133 | Q15: Finland | R15: Europe | S15: Country specific | T15: =VLOOKUP(Q15,$L$2:$N$196,3,FALSE) -> 2 | U15: =VLOOKUP(Q15,'lat lon'!$A$2:$E$195,4,FALSE) -> 60.170833 | V15: =VLOOKUP(Q15,'lat lon'!$A$2:$E$195,5,FALSE) -> 24.9375
A16: Barbados | B16: N. America | C16: Other latin america | L16: Barbados | M16: =VLOOKUP(L16,$A$2:$C$195,3,FALSE) -> Other latin america | N16: 0 | Q16: France | R16: Europe | S16: Country specific | T16: =VLOOKUP(Q16,$L$2:$N$196,3,FALSE) -> 7.207851 | U16: =VLOOKUP(Q16,'lat lon'!$A$2:$E$195,4,FALSE) -> 48.856667 | V16: =VLOOKUP(Q16,'lat lon'!$A$2:$E$195,5,FALSE) -> 2.3522222
A17: Belarus | B17: Europe | C17: Other eurasia | L17: Belarus | M17: =VLOOKUP(L17,$A$2:$C$195,3,FALSE) -> Other eurasia | N17: 0 | Q17: Germany | R17: Europe | S17: Country specific | T17: =VLOOKUP(Q17,$L$2:$N$196,3,FALSE) -> 51.2076 | U17: =VLOOKUP(Q17,'lat lon'!$A$2:$E$195,4,FALSE) -> 52.5109 | V17: =VLOOKUP(Q17,'lat lon'!$A$2:$E$195,5,FALSE) -> 13.3989
A18: Belgium | B18: Europe | C18: Country specific | L18: Belgium | M18: =VLOOKUP(L18,$A$2:$C$195,3,FALSE) -> Country specific | N18: 0.199 | Q18: Iceland | R18: Europe | S18: Country specific | T18: =VLOOKUP(Q18,$L$2:$N$196,3,FALSE) -> 0 | U18: =VLOOKUP(Q18,'lat lon'!$A$2:$E$195,4,FALSE) -> 64.1475 | V18: =VLOOKUP(Q18,'lat lon'!$A$2:$E$195,5,FALSE) -> -21.935
A19: Belize | B19: N. America | C19: Other latin america | L19: Belize | M19: =VLOOKUP(L19,$A$2:$C$195,3,FALSE) -> Other latin america | N19: 0 | Q19: India | R19: Asia | S19: Country specific | T19: =VLOOKUP(Q19,$L$2:$N$196,3,FALSE) -> 497 | U19: =VLOOKUP(Q19,'lat lon'!$A$2:$E$195,4,FALSE) -> 28.613895 | V19: =VLOOKUP(Q19,'lat lon'!$A$2:$E$195,5,FALSE) -> 77.209006
A20: Benin | B20: Africa | C20: Sub-saharan africa | L20: Benin | M20: =VLOOKUP(L20,$A$2:$C$195,3,FALSE) -> Sub-saharan africa | N20: 0 | Q20: Indonesia | R20: Asia | S20: Country specific | T20: =VLOOKUP(Q20,$L$2:$N$196,3,FALSE) -> 653.5 | U20: =VLOOKUP(Q20,'lat lon'!$A$2:$E$195,4,FALSE) -> -6.1754 | V20: =VLOOKUP(Q20,'lat lon'!$A$2:$E$195,5,FALSE) -> 106.8272
A21: Bhutan | B21: Asia | C21: Other Asia pacific | L21: Bhutan | M21: =VLOOKUP(L21,$A$2:$C$195,3,FALSE) -> Other Asia pacific | N21: 0 | Q21: Iran | R21: Asia | S21: Country specific | T21: =VLOOKUP(Q21,$L$2:$N$196,3,FALSE) -> 117.6264 | U21: =VLOOKUP(Q21,'lat lon'!$A$2:$E$195,4,FALSE) -> 35.688889 | V21: =VLOOKUP(Q21,'lat lon'!$A$2:$E$195,5,FALSE) -> 51.389722
... A41: Costa Rica | B41: N. America | C41: Other latin america | L41: Costa Rica | M41: =VLOOKUP(L41,$A$2:$C$195,3,FALSE) -> Other latin america | N41: 0 | Q41: United States | R41: N. America | S41: Country specific | T41: =VLOOKUP(Q41,$L$2:$N$196,3,FALSE) -> 3050 | U41: =VLOOKUP(Q41,'lat lon'!$A$2:$E$195,4,FALSE) -> 38.895 | V41: =VLOOKUP(Q41,'lat lon'!$A$2:$E$195,5,FALSE) -> -77.0365
A42: Côte d'Ivoire | B42: Africa | C42: Sub-saharan africa | L42: Côte d'Ivoire | M42: =VLOOKUP(L42,$A$2:$C$195,3,FALSE) -> Sub-saharan africa | N42: 0
A43: Croatia | B43: Europe | C43: Other eurasia | L43: Croatia | M43: =VLOOKUP(L43,$A$2:$C$195,3,FALSE) -> Other eurasia | N43: 4.89685
A44: Cuba | B44: N. America | C44: Other latin america | L44: Cuba | M44: =VLOOKUP(L44,$A$2:$C$195,3,FALSE) -> Other latin america | N44: 0
A45: Cyprus | B45: Asia | C45: Other eurasia | L45: Cyprus | M45: =VLOOKUP(L45,$A$2:$C$195,3,FALSE) -> Other eurasia | N45: 0
A46: Czech Republic | B46: Europe | C46: Other eurasia | L46: Czech Republic | M46: =VLOOKUP(L46,$A$2:$C$195,3,FALSE) -> Other eurasia | N46: 0.49179494
A47: Denmark | B47: Europe | C47: Country specific | L47: Denmark | M47: =VLOOKUP(L47,$A$2:$C$195,3,FALSE) -> Country specific | N47: 16.02794
A48: Djibouti | B48: Africa | C48: Sub-saharan africa | L48: Djibouti | M48: =VLOOKUP(L48,$A$2:$C$195,3,FALSE) -> Sub-saharan africa | N48: 0
A49: Dominica | B49: N. America | C49: Sub-saharan africa | L49: Dominica | M49: =VLOOKUP(L49,$A$2:$C$195,3,FALSE) -> Sub-saharan africa | N49: 0
A50: Dominican Republic | B50: N. America | C50: Sub-saharan africa | L50: Dominican Republic | M50: =VLOOKUP(L50,$A$2:$C$195,3,FALSE) -> Sub-saharan africa | N50: 0
A51: DR Congo | B51: Africa | C51: Sub-saharan africa | L51: DR Congo | M51: =VLOOKUP(L51,$A$2:$C$195,3,FALSE) -> Sub-saharan africa | N51: 0
A52: Ecuador | B52: S. America | C52: Other latin america | L52: Ecuador | M52: =VLOOKUP(L52,$A$2:$C$195,3,FALSE) -> Other latin america | N52: 0
A53: Egypt | B53: Africa | C53: Country specific | L53: Egypt | M53: =VLOOKUP(L53,$A$2:$C$195,3,FALSE) -> Country specific | N53: 667.17
... A195: Zimbabwe | B195: Africa | C195: Sub-saharan africa | L195: Zambia | M195: =VLOOKUP(L195,$A$2:$C$195,3,FALSE) -> Sub-saharan africa | N195: 0
L196: Zimbabwe | M196: =VLOOKUP(L196,$A$2:$C$195,3,FALSE) -> Sub-saharan africa | N196: 0

Sheet GDP
A1: Country | C1: =[1]cost_table!B1 -> 2030 | D1: =[1]cost_table!C1 -> 2031 | E1: =[1]cost_table!D1 -> 2032 | F1: =[1]cost_table!E1 -> 2033 | G1: =[1]cost_table!F1 -> 2034 | H1: =[1]cost_table!G1 -> 2035 | I1: =[1]cost_table!H1 -> 2036 | J1: =[1]cost_table!I1 -> 2037 | ... BU1: =[1]cost_table!BT1 -> 2100
A2: Afghanistan | B2: =VLOOKUP(A2,'storage capacity'!$A$2:$C$195,3,FALSE) -> Middle east | C2: 17362.933 | D2: 17362.933 | E2: 17362.933 | F2: 17362.933 | G2: 17362.933 | H2: 17362.933 | I2: 17362.933 | J2: 17362.933 | K2: 17362.933 | L2: 17362.933 | M2: 17362.933 | N2: 17362.933 | O2: 17362.933 | P2: 17362.933 | Q2: 17362.933 | R2: 17362.933 | S2: 17362.933 | T2: 17362.933 | U2: 17362.933 | V2: 17362.933 | W2: 17362.933 | X2: 17362.933 | Y2: 17362.933 | Z2: 17362.933 | AA2: 17362.933 | AB2: 17362.933 | AC2: 17362.933 | AD2: 17362.933 | AE2: 17362.933 | AF2: 17362.933 | AG2: 17362.933 | AH2: 17362.933 | AI2: 17362.933 | AJ2: 17362.933 | AK2: 17362.933 | AL2: 17362.933 | AM2: 17362.933 | AN2: 17362.933 | AO2: 17362.933 | AP2: 17362.933 | AQ2: 17362.933 | AR2: 17362.933 | AS2: 17362.933 | AT2: 17362.933 | AU2: 17362.933 | AV2: 17362.933 | AW2: 17362.933 | AX2: 17362.933 | AY2: 17362.933 | AZ2: 17362.933 | BA2: 17362.933 | BB2: 17362.933 | BC2: 17362.933 | BD2: 17362.933 | BE2: 17362.933 | BF2: 17362.933 | BG2: 17362.933 | BH2: 17362.933 | BI2: 17362.933 | BJ2: 17362.933 | BK2: 17362.933 | BL2: 17362.933 | BM2: 17362.933 | BN2: 17362.933 | BO2: 17362.933 | BP2: 17362.933 | BQ2: 17362.933 | BR2: 17362.933 | BS2: 17362.933 | BT2: 17362.933 | BU2: 17362.933
A3: Albania | B3: =VLOOKUP(A3,'storage capacity'!$A$2:$C$195,3,FALSE) -> Other eurasia | C3: 39005.533 | D3: 41656.873 | E3: 44460.118 | F3: 47422.084 | G3: 50549.786 | H3: 53850.434 | I3: 57331.436 | J3: 61000.398 | K3: 64865.119 | L3: 68933.596 | M3: 73214.02 | N3: 77714.775 | O3: 82444.434 | P3: 87411.762 | Q3: 92625.708 | R3: 98095.407 | S3: 103830.17 | T3: 109839.5 | U3: 116133.05 | V3: 122720.67 | W3: 129612.36 | X3: 136818.28 | Y3: 144348.76 | Z3: 152214.26 | AA3: 160425.41 | AB3: 168992.96 | AC3: 177927.82 | AD3: 187241 | AE3: 196943.65 | AF3: 207047.03 | AG3: 217562.5 | AH3: 228501.54 | AI3: 239875.69 | AJ3: 251696.62 | AK3: 263976.05 | AL3: 276725.75 | AM3: 289957.6 | AN3: 303683.5 | AO3: 317915.39 | AP3: 332665.25 | AQ3: 347945.1 | AR3: 363766.97 | AS3: 380142.88 | AT3: 397084.86 | AU3: 414604.93 | AV3: 432715.08 | AW3: 451427.28 | AX3: 470753.46 | AY3: 490705.47 | AZ3: 511295.14 | BA3: 532534.2 | BB3: 554434.32 | BC3: 577007.05 | BD3: 600263.87 | BE3: 624216.14 | BF3: 648875.1 | BG3: 674251.84 | BH3: 700357.35 | BI3: 727202.45 | BJ3: 754797.79 | BK3: 783153.87 | BL3: 812281.01 | BM3: 842189.35 | BN3: 872888.83 | BO3: 904389.17 | BP3: 936699.92 | BQ3: 969830.36 | BR3: 1003789.6 | BS3: 1038586.4 | BT3: 1074229.5 | BU3: 1110727.1
A4: Algeria | B4: =VLOOKUP(A4,'storage capacity'!$A$2:$C$195,3,FALSE) -> Middle east | C4: 396513.13 | D4: 428620.81 | E4: 462981.33 | F4: 499725.23 | G4: 538988.65 | H4: 580913.52 | I4: 625647.63 | J4: 673344.77 | K4: 724164.82 | L4: 778273.92 | M4: 835844.5 | N4: 897055.39 | O4: 962091.98 | P4: 1031146.2 | Q4: 1104416.7 | R4: 1182108.8 | S4: 1264434.8 | T4: 1351613.5 | U4: 1443871.2 | V4: 1541440.5 | W4: 1644561.4 | X4: 1753480.8 | Y4: 1868452.6 | Z4: 1989737.8 | AA4: 2117604.2 | AB4: 2252327 | AC4: 2394187.8 | AD4: 2543475.7 | AE4: 2700486.4 | AF4: 2865522.4 | AG4: 3038893.1 | AH4: 3220914.6 | AI4: 3411909.4 | AJ4: 3612206.7 | AK4: 3822141.9 | AL4: 4042056.9 | AM4: 4272299.4 | AN4: 4513223.3 | AO4: 4765188.4 | AP4: 5028559.9 | AQ4: 5303708.7 | AR4: 5591010.7 | AS4: 5890847.3 | AT4: 6203604.5 | AU4: 6529672.9 | AV4: 6869447.9 | AW4: 7223328.6 | AX4: 7591718.4 | AY4: 7975024.4 | AZ4: 8373656.8 | BA4: 8788029.4 | BB4: 9218558.6 | BC4: 9665663.3 | BD4: 10129765 | BE4: 10611287 | BF4: 11110654 | BG4: 11628292 | BH4: 12164630 | BI4: 12720094 | BJ4: 13295114 | BK4: 13890118 | BL4: 14505535 | BM4: 15141791 | BN4: 15799313 | BO4: 16478527 | BP4: 17179857 | BQ4: 17903724 | BR4: 18650546 | BS4: 19420742 | BT4: 20214723 | BU4: 21032901
A5: Andorra | B5: =VLOOKUP(A5,'storage capacity'!$A$2:$C$195,3,FALSE) -> Other eurasia | C5: 4920.0667 | D5: 5094.8229 | E5: 5273.9767 | F5: 5457.5758 | G5: 5645.6664 | H5: 5838.2936 | I5: 6035.5012 | J5: 6237.3315 | K5: 6443.8253 | L5: 6655.0219 | M5: 6870.9594 | N5: 7091.674 | O5: 7317.2005 | P5: 7547.5722 | Q5: 7782.8205 | R5: 8022.9755 | S5: 8268.0652 | T5: 8518.1163 | U5: 8773.1536 | V5: 9033.2 | W5: 9298.2771 | X5: 9568.4042 | Y5: 9843.599 | Z5: 10123.878 | AA5: 10409.254 | AB5: 10699.741 | AC5: 10995.348 | AD5: 11296.084 | AE5: 11601.956 | AF5: 11912.969 | AG5: 12229.126 | AH5: 12550.427 | AI5: 12876.873 | AJ5: 13208.461 | AK5: 13545.186 | AL5: 13887.042 | AM5: 14234.021 | AN5: 14586.114 | AO5: 14943.307 | AP5: 15305.588 | AQ5: 15672.942 | AR5: 16045.351 | AS5: 16422.796 | AT5: 16805.257 | AU5: 17192.711 | AV5: 17585.134 | AW5: 17982.501 | AX5: 18384.783 | AY5: 18791.952 | AZ5: 19203.976 | BA5: 19620.824 | BB5: 20042.461 | BC5: 20468.852 | BD5: 20899.959 | BE5: 21335.744 | BF5: 21776.167 | BG5: 22221.187 | BH5: 22670.759 | BI5: 23124.841 | BJ5: 23583.386 | BK5: 24046.347 | BL5: 24513.675 | BM5: 24985.322 | BN5: 25461.237 | BO5: 25941.366 | BP5: 26425.658 | BQ5: 26914.058 | BR5: 27406.509 | BS5: 27902.957 | BT5: 28403.343 | BU5: 28907.609
A6: Angola | B6: =VLOOKUP(A6,'storage capacity'!$A$2:$C$195,3,FALSE) -> Sub-saharan africa | C6: 157107.07 | D6: 165344.92 | E6: 173928.03 | F6: 182866.4 | G6: 192170.14 | H6: 201849.47 | I6: 211914.66 | J6: 222376.07 | K6: 233244.15 | L6: 244529.39 | M6: 256242.34 | N6: 268393.59 | O6: 280993.8 | P6: 294053.63 | Q6: 307583.77 | R6: 321594.94 | S6: 336097.87 | T6: 351103.25 | U6: 366621.82 | V6: 382664.25 | W6: 399241.21 | X6: 416363.33 | Y6: 434041.2 | Z6: 452285.35 | AA6: 471106.25 | AB6: 490514.3 | AC6: 510519.83 | AD6: 531133.06 | AE6: 552364.13 | AF6: 574223.08 | AG6: 596719.82 | AH6: 619864.15 | AI6: 643665.74 | AJ6: 668134.11 | AK6: 693278.63 | AL6: 719108.54 | AM6: 745632.88 | AN6: 772860.55 | AO6: 800800.25 | AP6: 829460.49 | AQ6: 858849.62 | AR6: 888975.75 | AS6: 919846.78 | AT6: 951470.44 | AU6: 983854.18 | AV6: 1017005.3 | AW6: 1050930.7 | AX6: 1085637.2 | AY6: 1121131.4 | AZ6: 1157419.5 | BA6: 1194507.5 | BB6: 1232401.2 | BC6: 1271106.1 | BD6: 1310627.3 | BE6: 1350969.8 | BF6: 1392138.3 | BG6: 1434137 | BH6: 1476970.2 | BI6: 1520641.5 | BJ6: 1565154.4 | BK6: 1610512.2 | BL6: 1656717.8 | BM6: 1703773.6 | BN6: 1751682.1 | BO6: 1800445.2 | BP6: 1850064.5 | BQ6: 1900541.4 | BR6: 1951877 | BS6: 2004072 | BT6: 2057126.8 | BU6: 2111041.6
A7: Antigua & Barbuda | B7: =VLOOKUP(A7,'storage capacity'!$A$2:$C$195,3,FALSE) -> Other latin america | C7: 3193.0667 | D7: 3393.0513 | E7: 3603.436 | F7: 3824.6312 | G7: 4057.0567 | H7: 4301.1414 | I7: 4557.3232 | J7: 4826.0491 | K7: 5107.7749 | L7: 5402.9651 | M7: 5712.0925 | N7: 6035.6383 | O7: 6374.0917 | P7: 6727.9499 | Q7: 7097.7175 | R7: 7483.9066 | S7: 7887.0364 | T7: 8307.6328 | U7: 8746.2283 | V7: 9203.3616 | W7: 9679.5774 | X7: 10175.426 | Y7: 10691.462 | Z7: 11228.247 | AA7: 11786.344 | AB7: 12366.323 | AC7: 12968.756 | AD7: 13594.22 | AE7: 14243.292 | AF7: 14916.555 | AG7: 15614.591 | AH7: 16337.985 | AI7: 17087.324 | AJ7: 17863.193 | AK7: 18666.181 | AL7: 19496.875 | AM7: 20355.859 | AN7: 21243.72 | AO7: 22161.041 | AP7: 23108.404 | AQ7: 24086.386 | AR7: 25095.565 | AS7: 26136.512 | AT7: 27209.795 | AU7: 28315.979 | AV7: 29455.622 | AW7: 30629.277 | AX7: 31837.492 | AY7: 33080.808 | AZ7: 34359.759 | BA7: 35674.873 | BB7: 37026.668 | BC7: 38415.654 | BD7: 39842.336 | BE7: 41307.204 | BF7: 42810.744 | BG7: 44353.428 | BH7: 45935.72 | BI7: 47558.073 | BJ7: 49220.927 | BK7: 50924.712 | BL7: 52669.846 | BM7: 54456.735 | BN7: 56285.771 | BO7: 58157.334 | BP7: 60071.791 | BQ7: 62029.494 | BR7: 64030.782 | BS7: 66075.98 | BT7: 68165.399 | BU7: 70299.333
A8: Argentina | B8: =VLOOKUP(A8,'storage capacity'!$A$2:$C$195,3,FALSE) -> Country specific | C8: 741024.4 | D8: 769131.4 | E8: 798012.77 | F8: 827678.99 | G8: 858140.36 | H8: 889406.99 | I8: 921488.78 | J8: 954395.39 | K8: 988136.29 | L8: 1022720.7 | M8: 1058157.6 | N8: 1094455.7 | O8: 1131623.6 | P8: 1169669.4 | Q8: 1208601 | R8: 1248426.2 | S8: 1289152.3 | T8: 1330786.4 | U8: 1373335.3 | V8: 1416805.5 | W8: 1461203.3 | X8: 1506534.4 | Y8: 1552804.5 | Z8: 1600018.7 | AA8: 1648182.1 | AB8: 1697299.1 | AC8: 1747374 | AD8: 1798410.7 | AE8: 1850412.8 | AF8: 1903383.6 | AG8: 1957325.8 | AH8: 2012242.1 | AI8: 2068134.5 | AJ8: 2125005 | AK8: 2182855 | AL8: 2241685.7 | AM8: 2301497.7 | AN8: 2362291.5 | AO8: 2424067.2 | AP8: 2486824.5 | AQ8: 2550562.7 | AR8: 2615280.8 | AS8: 2680977.5 | AT8: 2747651 | AU8: 2815299.3 | AV8: 2883920 | AW8: 2953510.3 | AX8: 3024067.2 | AY8: 3095587.2 | AZ8: 3168066.6 | BA8: 3241501.2 | BB8: 3315886.6 | BC8: 3391218.1 | BD8: 3467490.6 | BE8: 3544698.6 | BF8: 3622836.6 | BG8: 3701898.3 | BH8: 3781877.6 | BI8: 3862767.7 | BJ8: 3944561.8 | BK8: 4027252.6 | BL8: 4110832.6 | BM8: 4195294.1 | BN8: 4280629 | BO8: 4366828.9 | BP8: 4453885.3 | BQ8: 4541789.3 | BR8: 4630531.8 | BS8: 4720103.5 | BT8: 4810494.8 | BU8: 4901696
A9: Armenia | B9: =VLOOKUP(A9,'storage capacity'!$A$2:$C$195,3,FALSE) -> Other eurasia | C9: 36339.333 | D9: 38810.574 | E9: 41423.477 | F9: 44184.404 | G9: 47099.901 | H9: 50176.698 | I9: 53421.709 | J9: 56842.03 | K9: 60444.945 | L9: 64237.917 | M9: 68228.591 | N9: 72424.793 | O9: 76834.527 | P9: 81465.975 | Q9: 86327.493 | R9: 91427.607 | S9: 96775.015 | T9: 102378.58 | U9: 108247.33 | V9: 114390.44 | W9: 120817.27 | X9: 127537.29 | Y9: 134560.16 | Z9: 141895.64 | AA9: 149553.67 | AB9: 157544.27 | AC9: 165877.64 | AD9: 174564.06 | AE9: 183613.95 | AF9: 193037.82 | AG9: 202846.28 | AH9: 213050.06 | AI9: 223659.94 | AJ9: 234686.82 | AK9: 246141.64 | AL9: 258035.41 | AM9: 270379.22 | AN9: 283184.19 | AO9: 296461.47 | AP9: 310222.27 | AQ9: 324477.81 | AR9: 339239.32 | AS9: 354518.05 | AT9: 370325.23 | AU9: 386672.11 | AV9: 403569.88 | AW9: 421029.73 | AX9: 439062.8 | AY9: 457680.2 | AZ9: 476892.94 | BA9: 496712.02 | BB9: 517148.33 | BC9: 538212.68 | BD9: 559915.8 | BE9: 582268.3 | BF9: 605280.69 | BG9: 628963.35 | BH9: 653326.55 | BI9: 678380.4 | BJ9: 704134.87 | BK9: 730599.77 | BL9: 757784.77 | BM9: 785699.33 | BN9: 814352.75 | BO9: 843754.14 | BP9: 873912.41 | BQ9: 904836.26 | BR9: 936534.19 | BS9: 969014.47 | BT9: 1002285.1 | BU9: 1036354
A10: Australia | B10: =VLOOKUP(A10,'storage capacity'!$A$2:$C$195,3,FALSE) -> Country specific | C10: 2295761.2 | D10: 2395576.7 | E10: 2498690.4 | F10: 2605166.9 | G10: 2715070.6 | H10: 2828465.4 | I10: 2945414.8 | J10: 3065981.9 | K10: 3190229.2 | L10: 3318218.8 | M10: 3450012 | N10: 3585669.4 | O10: 3725251.2 | P10: 3868816.3 | Q10: 4016423.2 | R10: 4168129.5 | S10: 4323991.5 | T10: 4484064.8 | U10: 4648404.1 | V10: 4817062.7 | W10: 4990093 | X10: 5167546.1 | Y10: 5349472.1 | Z10: 5535919.5 | AA10: 5726935.7 | AB10: 5922566.9 | AC10: 6122857.7 | AD10: 6327851.4 | AE10: 6537589.6 | AF10: 6752112.8 | AG10: 6971459.7 | AH10: 7195667.5 | AI10: 7424771.8 | AJ10: 7658806.6 | AK10: 7897804.3 | AL10: 8141795.5 | AM10: 8390809.1 | AN10: 8644872.5 | AO10: 8904011 | AP10: 9168248.3 | AQ10: 9437606.5 | AR10: 9712105.5 | AS10: 9991763.7 | AT10: 10276597 | AU10: 10566621 | AV10: 10861848 | AW10: 11162289 | AX10: 11467952 | AY10: 11778845 | AZ10: 12094973 | BA10: 12416340 | BB10: 12742946 | BC10: 13074792 | BD10: 13411874 | BE10: 13754189 | BF10: 14101731 | BG10: 14454490 | BH10: 14812459 | BI10: 15175624 | BJ10: 15543973 | BK10: 15917489 | BL10: 16296156 | BM10: 16679955 | BN10: 17068864 | BO10: 17462861 | BP10: 17861922 | BQ10: 18266020 | BR10: 18675128 | BS10: 19089216 | BT10: 19508253 | BU10: 19932206
A11: Austria | B11: =VLOOKUP(A11,'storage capacity'!$A$2:$C$195,3,FALSE) -> Other eurasia | C11: 671762.73 | D11: 699333.44 | E11: 727748.69 | F11: 757022.81 | G11: 787169.99 | H11: 818204.24 | I11: 850139.45 | J11: 882989.3 | K11: 916767.29 | L11: 951486.72 | M11: 987160.7 | N11: 1023802.1 | O11: 1061423.5 | P11: 1100037.3 | Q11: 1139655.8 | R11: 1180290.6 | S11: 1221953.4 | T11: 1264655.6 | U11: 1308408 | V11: 1353221.5 | W11: 1399106.4 | X11: 1446072.7 | Y11: 1494130.3 | Z11: 1543288.3 | AA11: 1593556 | AB11: 1644941.9 | AC11: 1697454.3 | AD11: 1751101.3 | AE11: 1805890.3 | AF11: 1861828.6 | AG11: 1918922.8 | AH11: 1977179.5 | AI11: 2036604.5 | AJ11: 2097203.4 | AK11: 2158981.4 | AL11: 2221943.3 | AM11: 2286093.3 | AN11: 2351435.4 | AO11: 2417973 | AP11: 2485709.2 | AQ11: 2554646.6 | AR11: 2624787.4 | AS11: 2696133.3 | AT11: 2768685.7 | AU11: 2842445.4 | AV11: 2917412.8 | AW11: 2993588 | AX11: 3070970.6 | AY11: 3149559.6 | AZ11: 3229353.7 | BA11: 3310351.3 | BB11: 3392550.2 | BC11: 3475947.8 | BD11: 3560540.9 | BE11: 3646326.3 | BF11: 3733300.1 | BG11: 3821457.8 | BH11: 3910795 | BI11: 4001306.3 | BJ11: 4092986.4 | BK11: 4185829.4 | BL11: 4279828.8 | BM11: 4374978 | BN11: 4471270 | BO11: 4568697.2 | BP11: 4667251.7 | BQ11: 4766925.5 | BR11: 4867709.9 | BS11: 4969596 | BT11: 5072574.4 | BU11: 5176635.6
A12: Azerbaijan | B12: =VLOOKUP(A12,'storage capacity'!$A$2:$C$195,3,FALSE) -> Other eurasia | C12: 99479.6 | D12: 103023.26 | E12: 106656.46 | F12: 110380.17 | G12: 114195.34 | H12: 118102.92 | I12: 122103.79 | J12: 126198.84 | K12: 130388.89 | L12: 134674.77 | M12: 139057.27 | N12: 143537.12 | O12: 148115.06 | P12: 152791.76 | Q12: 157567.88 | R12: 162444.05 | S12: 167420.85 | T12: 172498.83 | U12: 177678.5 | V12: 182960.36 | W12: 188344.84 | X12: 193832.36 | Y12: 199423.28 | Z12: 205117.95 | AA12: 210916.65 | AB12: 216819.67 | AC12: 222827.21 | AD12: 228939.46 | AE12: 235156.58 | AF12: 241478.67 | AG12: 247905.81 | AH12: 254438.03 | AI12: 261075.33 | AJ12: 267817.66 | AK12: 274664.95 | AL12: 281617.08 | AM12: 288673.9 | AN12: 295835.22 | AO12: 303100.8 | AP12: 310470.38 | AQ12: 317943.65 | AR12: 325520.28 | AS12: 333199.89 | AT12: 340982.07 | AU12: 348866.37 | AV12: 356852.31 | AW12: 364939.36 | AX12: 373126.99 | AY12: 381414.59 | AZ12: 389801.56 | BA12: 398287.23 | BB12: 406870.92 | BC12: 415551.92 | BD12: 424329.48 | BE12: 433202.81 | BF12: 442171.11 | BG12: 451233.53 | BH12: 460389.21 | BI12: 469637.24 | BJ12: 478976.7 | BK12: 488406.65 | BL12: 497926.09 | BM12: 507534.02 | BN12: 517229.41 | BO12: 527011.21 | BP12: 536878.33 | BQ12: 546829.68 | BR12: 556864.12 | BS12: 566980.5 | BT12: 577177.67 | BU12: 587454.43
A13: Bahamas | B13: =VLOOKUP(A13,'storage capacity'!$A$2:$C$195,3,FALSE) -> Other latin america | C13: 18922.867 | D13: 19774.024 | E13: 20654.572 | F13: 21565.133 | G13: 22506.33 | H13: 23478.782 | I13: 24483.107 | J13: 25519.92 | K13: 26589.833 | L13: 27693.454 | M13: 28831.387 | N13: 30004.23 | O13: 31212.579 | P13: 32457.022 | Q13: 33738.139 | R13: 35056.507 | S13: 36412.693 | T13: 37807.258 | U13: 39240.753 | V13: 40713.722 | W13: 42226.698 | X13: 43780.207 | Y13: 45374.763 | Z13: 47010.869 | AA13: 48689.018 | AB13: 50409.691 | AC13: 52173.358 | AD13: 53980.476 | AE13: 55831.49 | AF13: 57726.832 | AG13: 59666.918 | AH13: 61652.154 | AI13: 63682.93 | AJ13: 65759.622 | AK13: 67882.59 | AL13: 70052.181 | AM13: 72268.724 | AN13: 74532.535 | AO13: 76843.912 | AP13: 79203.138 | AQ13: 81610.48 | AR13: 84066.186 | AS13: 86570.49 | AT13: 89123.608 | AU13: 91725.737 | AV13: 94377.059 | AW13: 97077.738 | AX13: 99827.919 | AY13: 102627.73 | AZ13: 105477.29 | BA13: 108376.67 | BB13: 111325.97 | BC13: 114325.23 | BD13: 117374.49 | BE13: 120473.78 | BF13: 123623.09 | BG13: 126822.41 | BH13: 130071.71 | BI13: 133370.94 | BJ13: 136720.01 | BK13: 140118.86 | BL13: 143567.36 | BM13: 147065.41 | BN13: 150612.85 | BO13: 154209.53 | BP13: 157855.28 | BQ13: 161549.9 | BR13: 165293.18 | BS13: 169084.89 | BT13: 172924.8 | BU13: 176812.64
... A43: Croatia | B43: =VLOOKUP(A43,'storage capacity'!$A$2:$C$195,3,FALSE) -> Other eurasia | C43: 125658.33 | D43: 133132.04 | E43: 140971.07 | F43: 149188.67 | G43: 157798.33 | H43: 166813.78 | I43: 176249.01 | J43: 186118.22 | K43: 196435.85 | L43: 207216.55 | M43: 218475.18 | N43: 230226.83 | O43: 242486.75 | P43: 255270.4 | Q43: 268593.41 | R43: 282471.6 | S43: 296920.91 | T43: 311957.47 | U43: 327597.53 | V43: 343857.46 | W43: 360753.76 | X43: 378303.04 | Y43: 396522 | Z43: 415427.41 | AA43: 435036.12 | AB43: 455365.06 | AC43: 476431.15 | AD43: 498251.41 | AE43: 520842.82 | AF43: 544222.4 | AG43: 568407.15 | AH43: 593414.05 | AI43: 619260.06 | AJ43: 645962.06 | AK43: 673536.9 | AL43: 702001.34 | AM43: 731372.04 | AN43: 761665.57 | AO43: 792898.38 | AP43: 825086.79 | AQ43: 858246.96 | AR43: 892394.91 | AS43: 927546.47 | AT43: 963717.3 | AU43: 1000922.8 | AV43: 1039178.3 | AW43: 1078498.8 | AX43: 1118898.9 | AY43: 1160393.3 | AZ43: 1202996.2 | BA43: 1246721.6 | BB43: 1291583.1 | BC43: 1337594.1 | BD43: 1384767.7 | BE43: 1433116.6 | BF43: 1482653.3 | BG43: 1533389.7 | BH43: 1585337.6 | BI43: 1638508.3 | BJ43: 1692912.8 | BK43: 1748561.6 | BL43: 1805464.8 | BM43: 1863632.3 | BN43: 1923073.4 | BO43: 1983797 | BP43: 2045811.7 | BQ43: 2109125.4 | BR43: 2173745.8 | BS43: 2239680.1 | BT43: 2306935 | BU43: 2375516.7
A44: Cuba | B44: =VLOOKUP(A44,'storage capacity'!$A$2:$C$195,3,FALSE) -> Other latin america
A45: Cyprus | B45: =VLOOKUP(A45,'storage capacity'!$A$2:$C$195,3,FALSE) -> Other eurasia | C45: 48760.333 | D45: 51536.714 | E45: 54441.835 | F45: 57480.029 | G45: 60655.696 | H45: 63973.301 | I45: 67437.375 | J45: 71052.507 | K45: 74823.347 | L45: 78754.601 | M45: 82851.026 | N45: 87117.432 | O45: 91558.675 | P45: 96179.656 | Q45: 100985.32 | R45: 105980.64 | S45: 111170.63 | T45: 116560.34 | U45: 122154.84 | V45: 127959.23 | W45: 133978.63 | X45: 140218.16 | Y45: 146682.96 | Z45: 153378.21 | AA45: 160309.04 | AB45: 167480.62 | AC45: 174898.11 | AD45: 182566.65 | AE45: 190491.37 | AF45: 198677.4 | AG45: 207129.82 | AH45: 215853.73 | AI45: 224854.15 | AJ45: 234136.11 | AK45: 243704.57 | AL45: 253564.47 | AM45: 263720.7 | AN45: 274178.1 | AO45: 284941.44 | AP45: 296015.47 | AQ45: 307404.83 | AR45: 319114.12 | AS45: 331147.88 | AT45: 343510.56 | AU45: 356206.53 | AV45: 369240.08 | AW45: 382615.43 | AX45: 396336.68 | AY45: 410407.87 | AZ45: 424832.92 | BA45: 439615.66 | BB45: 454759.82 | BC45: 470269.02 | BD45: 486146.77 | BE45: 502396.46 | BF45: 519021.37 | BG45: 536024.68 | BH45: 553409.41 | BI45: 571178.49 | BJ45: 589334.71 | BK45: 607880.74 | BL45: 626819.1 | BM45: 646152.2 | BN45: 665882.3 | BO45: 686011.52 | BP45: 706541.87 | BQ45: 727475.18 | BR45: 748813.16 | BS45: 770557.38 | BT45: 792709.26 | BU45: 815270.07
A46: Czech Republic | B46: =VLOOKUP(A46,'storage capacity'!$A$2:$C$195,3,FALSE) -> Other eurasia | C46: 447733.13 | D46: 472713.24 | E46: 498823.31 | F46: 526100.04 | G46: 554580.63 | H46: 584302.8 | I46: 615304.76 | J46: 647625.14 | K46: 681303.05 | L46: 716378 | M46: 752889.87 | N46: 790878.92 | O46: 830385.76 | P46: 871451.28 | Q46: 914116.67 | R46: 958423.37 | S46: 1004413.1 | T46: 1052127.6 | U46: 1101609 | V46: 1152899.3 | W46: 1206041 | X46: 1261076.3 | Y46: 1318047.5 | Z46: 1376997 | AA46: 1437967.2 | AB46: 1501000.4 | AC46: 1566138.6 | AD46: 1633423.9 | AE46: 1702898.2 | AF46: 1774603.1 | AG46: 1848580.2 | AH46: 1924870.5 | AI46: 2003514.8 | AJ46: 2084553.8 | AK46: 2168027.5 | AL46: 2253975.6 | AM46: 2342437.5 | AN46: 2433451.9 | AO46: 2527057.1 | AP46: 2623290.9 | AQ46: 2722190.4 | AR46: 2823792.2 | AS46: 2928132.2 | AT46: 3035245.7 | AU46: 3145167.1 | AV46: 3257930.3 | AW46: 3373568.3 | AX46: 3492113.4 | AY46: 3613596.9 | AZ46: 3738049.6 | BA46: 3865501 | BB46: 3995980 | BC46: 4129514.5 | BD46: 4266131.3 | BE46: 4405856.5 | BF46: 4548714.9 | BG46: 4694730.6 | BH46: 4843926.4 | BI46: 4996324.2 | BJ46: 5151944.8 | BK46: 5310807.8 | BL46: 5472931.8 | BM46: 5638334.3 | BN46: 5807031.5 | BO46: 5979038.7 | BP46: 6154369.8 | BQ46: 6333037.6 | BR46: 6515053.8 | BS46: 6700428.8 | BT46: 6889171.8 | BU46: 7081290.9
A47: Denmark | B47: =VLOOKUP(A47,'storage capacity'!$A$2:$C$195,3,FALSE) -> Country specific | C47: 509516.67 | D47: 530191.67 | E47: 551490.47 | F47: 573423.34 | G47: 596000.43 | H47: 619231.78 | I47: 643127.29 | J47: 667696.73 | K47: 692949.71 | L47: 718895.71 | M47: 745544.02 | N47: 772903.79 | O47: 800983.95 | P47: 829793.29 | Q47: 859340.37 | R47: 889633.56 | S47: 920681.03 | T47: 952490.71 | U47: 985070.34 | V47: 1018427.4 | W47: 1052569.2 | X47: 1087502.6 | Y47: 1123234.6 | Z47: 1159771.5 | AA47: 1197119.6 | AB47: 1235285 | AC47: 1274273.3 | AD47: 1314089.9 | AE47: 1354740.1 | AF47: 1396228.7 | AG47: 1438560.2 | AH47: 1481739.1 | AI47: 1525769.2 | AJ47: 1570654.3 | AK47: 1616397.7 | AL47: 1663002.7 | AM47: 1710471.9 | AN47: 1758807.8 | AO47: 1808012.6 | AP47: 1858088.2 | AQ47: 1909036.1 | AR47: 1960857.4 | AS47: 2013553.3 | AT47: 2067124.1 | AU47: 2121570.2 | AV47: 2176891.6 | AW47: 2233087.9 | AX47: 2290158.4 | AY47: 2348102.2 | AZ47: 2406917.9 | BA47: 2466604 | BB47: 2527158.4 | BC47: 2588579.1 | BD47: 2650863.4 | BE47: 2714008.5 | BF47: 2778011.3 | BG47: 2842868.3 | BH47: 2908575.8 | BI47: 2975129.7 | BJ47: 3042525.7 | BK47: 3110759.2 | BL47: 3179825.4 | BM47: 3249718.9 | BN47: 3320434.5 | BO47: 3391966.3 | BP47: 3464308.4 | BQ47: 3537454.5 | BR47: 3611398.2 | BS47: 3686132.5 | BT47: 3761650.7 | BU47: 3837945.3
A48: Djibouti | B48: =VLOOKUP(A48,'storage capacity'!$A$2:$C$195,3,FALSE) -> Sub-saharan africa | C48: 6471.8667 | D48: 6695.4755 | E48: 6924.4969 | F48: 7158.9835 | G48: 7398.9863 | H48: 7644.5547 | I48: 7895.7361 | J48: 8152.5764 | K48: 8415.1196 | L48: 8683.4076 | M48: 8957.4806 | N48: 9237.377 | O48: 9523.1329 | P48: 9814.7826 | Q48: 10112.358 | R48: 10415.89 | S48: 10725.407 | T48: 11040.934 | U48: 11362.495 | V48: 11690.112 | W48: 12023.805 | X48: 12363.591 | Y48: 12709.485 | Z48: 13061.5 | AA48: 13419.648 | AB48: 13783.936 | AC48: 14154.371 | AD48: 14530.958 | AE48: 14913.698 | AF48: 15302.591 | AG48: 15697.635 | AH48: 16098.824 | AI48: 16506.152 | AJ48: 16919.611 | AK48: 17339.187 | AL48: 17764.869 | AM48: 18196.639 | AN48: 18634.481 | AO48: 19078.375 | AP48: 19528.298 | AQ48: 19984.226 | AR48: 20446.133 | AS48: 20913.991 | AT48: 21387.768 | AU48: 21867.433 | AV48: 22352.952 | AW48: 22844.287 | AX48: 23341.401 | AY48: 23844.254 | AZ48: 24352.802 | BA48: 24867.003 | BB48: 25386.811 | BC48: 25912.177 | BD48: 26443.054 | BE48: 26979.389 | BF48: 27521.131 | BG48: 28068.224 | BH48: 28620.613 | BI48: 29178.241 | BJ48: 29741.048 | BK48: 30308.975 | BL48: 30881.959 | BM48: 31459.936 | BN48: 32042.843 | BO48: 32630.614 | BP48: 33223.18 | BQ48: 33820.474 | BR48: 34422.427 | BS48: 35028.966 | BT48: 35640.02 | BU48: 36255.517
A49: Dominica | B49: =VLOOKUP(A49,'storage capacity'!$A$2:$C$195,3,FALSE) -> Sub-saharan africa | C49: 960.46667 | D49: 1033.1977 | E49: 1110.6538 | F49: 1193.084 | G49: 1280.7465 | H49: 1373.909 | I49: 1472.8488 | J49: 1577.853 | K49: 1689.2183 | L49: 1807.2516 | M49: 1932.2696 | N49: 2064.5992 | O49: 2204.5773 | P49: 2352.5511 | Q49: 2508.878 | R49: 2673.9257 | S49: 2848.0721 | T49: 3031.7054 | U49: 3225.2239 | V49: 3429.0362 | W49: 3643.5613 | X49: 3869.2278 | Y49: 4106.4748 | Z49: 4355.7509 | AA49: 4617.5147 | AB49: 4892.2347 | AC49: 5180.3885 | AD49: 5482.4633 | AE49: 5798.9556 | AF49: 6130.3709 | AG49: 6477.2232 | AH49: 6840.0354 | AI49: 7219.3387 | AJ49: 7615.6722 | AK49: 8029.5831 | AL49: 8461.626 | AM49: 8912.3626 | AN49: 9382.3617 | AO49: 9872.1987 | AP49: 10382.455 | AQ49: 10913.718 | AR49: 11466.582 | AS49: 12041.643 | AT49: 12639.505 | AU49: 13260.776 | AV49: 13906.065 | AW49: 14575.989 | AX49: 15271.164 | AY49: 15992.211 | AZ49: 16739.752 | BA49: 17514.411 | BB49: 18316.814 | BC49: 19147.586 | BD49: 20007.355 | BE49: 20896.745 | BF49: 21816.381 | BG49: 22766.889 | BH49: 23748.89 | BI49: 24763.003 | BJ49: 25809.847 | BK49: 26890.034 | BL49: 28004.175 | BM49: 29152.876 | BN49: 30336.737 | BO49: 31556.354 | BP49: 32812.316 | BQ49: 34105.206 | BR49: 35435.601 | BS49: 36804.071 | BT49: 38211.175 | BU49: 39657.467
A50: Dominican Republic | B50: =VLOOKUP(A50,'storage capacity'!$A$2:$C$195,3,FALSE) -> Sub-saharan africa | C50: 188471.47 | D50: 200415.14 | E50: 212988.7 | F50: 226217.46 | G50: 240127.37 | H50: 254744.92 | I50: 270097.24 | J50: 286211.99 | K50: 303117.44 | L50: 320842.38 | M50: 339416.19 | N50: 358868.75 | O50: 379230.5 | P50: 400532.39 | Q50: 422805.84 | R50: 446082.79 | S50: 470395.64 | T50: 495777.22 | U50: 522260.84 | V50: 549880.18 | W50: 578669.35 | X50: 608662.82 | Y50: 639895.43 | Z50: 672402.34 | AA50: 706219.03 | AB50: 741381.26 | AC50: 777925.08 | AD50: 815886.74 | AE50: 855302.73 | AF50: 896209.74 | AG50: 938644.59 | AH50: 982644.26 | AI50: 1028245.8 | AJ50: 1075486.4 | AK50: 1124403.3 | AL50: 1175033.7 | AM50: 1227414.8 | AN50: 1281583.8 | AO50: 1337577.8 | AP50: 1395433.8 | AQ50: 1455188.8 | AR50: 1516879.5 | AS50: 1580542.4 | AT50: 1646213.9 | AU50: 1713930 | AV50: 1783726.6 | AW50: 1855639.1 | AX50: 1929702.7 | AY50: 2005952.1 | AZ50: 2084421.9 | BA50: 2165145.9 | BB50: 2248157.6 | BC50: 2333490 | BD50: 2421175.6 | BE50: 2511246.4 | BF50: 2603733.7 | BG50: 2698668.4 | BH50: 2796080.4 | BI50: 2895999.5 | BJ50: 2998454.2 | BK50: 3103472.8 | BL50: 3211082.7 | BM50: 3321310.4 | BN50: 3434181.8 | BO50: 3549721.9 | BP50: 3667955.1 | BQ50: 3788904.5 | BR50: 3912592.9 | BS50: 4039041.8 | BT50: 4168272 | BU50: 4300303.3
A51: DR Congo | B51: =VLOOKUP(A51,'storage capacity'!$A$2:$C$195,3,FALSE) -> Sub-saharan africa | C51: 106252.13 | D51: 113827.43 | E51: 121861.66 | F51: 130376.94 | G51: 139396.15 | H51: 148942.86 | I51: 159041.37 | J51: 169716.75 | K51: 180994.77 | L51: 192901.97 | M51: 205465.61 | N51: 218713.69 | O51: 232674.96 | P51: 247378.91 | Q51: 262855.74 | R51: 279136.41 | S51: 296252.57 | T51: 314236.6 | U51: 333121.6 | V51: 352941.36 | W51: 373730.34 | X51: 395523.7 | Y51: 418357.25 | Z51: 442267.47 | AA51: 467291.45 | AB51: 493466.92 | AC51: 520832.19 | AD51: 549426.19 | AE51: 579288.37 | AF51: 610458.75 | AG51: 642977.88 | AH51: 676886.79 | AI51: 712226.99 | AJ51: 749040.45 | AK51: 787369.55 | AL51: 827257.08 | AM51: 868746.2 | AN51: 911880.41 | AO51: 956703.53 | AP51: 1003259.6 | AQ51: 1051593.1 | AR51: 1101748.5 | AS51: 1153770.5 | AT51: 1207704.1 | AU51: 1263594.3 | AV51: 1321486.3 | AW51: 1381425.1 | AX51: 1443456.1 | AY51: 1507624.2 | AZ51: 1573974.8 | BA51: 1642552.7 | BB51: 1713402.8 | BC51: 1786570 | BD51: 1862098.7 | BE51: 1940033.3 | BF51: 2020417.7 | BG51: 2103295.6 | BH51: 2188710.4 | BI51: 2276705 | BJ51: 2367322.1 | BK51: 2460603.6 | BL51: 2556591.3 | BM51: 2655326 | BN51: 2756848.4 | BO51: 2861198.4 | BP51: 2968415 | BQ51: 3078537.1 | BR51: 3191602.3 | BS51: 3307647.9 | BT51: 3426710.3 | BU51: 3548824.9
A52: Ecuador | B52: =VLOOKUP(A52,'storage capacity'!$A$2:$C$195,3,FALSE) -> Other latin america | C52: 150617 | D52: 156510.97 | E52: 162574.34 | F52: 168809.63 | G52: 175219.32 | H52: 181805.85 | I52: 188571.63 | J52: 195519.02 | K52: 202650.33 | L52: 209967.84 | M52: 217473.75 | N52: 225170.25 | O52: 233059.43 | P52: 241143.37 | Q52: 249424.07 | R52: 257903.47 | S52: 266583.46 | T52: 275465.86 | U52: 284552.44 | V52: 293844.88 | W52: 303344.82 | X52: 313053.82 | Y52: 322973.38 | Z52: 333104.91 | AA52: 343449.77 | AB52: 354009.24 | AC52: 364784.52 | AD52: 375776.74 | AE52: 386986.96 | AF52: 398416.17 | AG52: 410065.25 | AH52: 421935.03 | AI52: 434026.27 | AJ52: 446339.62 | AK52: 458875.68 | AL52: 471634.95 | AM52: 484617.85 | AN52: 497824.74 | AO52: 511255.88 | AP52: 524911.45 | AQ52: 538791.55 | AR52: 552896.21 | AS52: 567225.37 | AT52: 581778.89 | AU52: 596556.54 | AV52: 611558.03 | AW52: 626782.96 | AX52: 642230.89 | AY52: 657901.27 | AZ52: 673793.47 | BA52: 689906.81 | BB52: 706240.5 | BC52: 722793.68 | BD52: 739565.44 | BE52: 756554.76 | BF52: 773760.56 | BG52: 791181.7 | BH52: 808816.93 | BI52: 826664.97 | BJ52: 844724.43 | BK52: 862993.89 | BL52: 881471.83 | BM52: 900156.67 | BN52: 919046.77 | BO52: 938140.42 | BP52: 957435.85 | BQ52: 976931.21 | BR52: 996624.62 | BS52: 1016514.1 | BT52: 1036597.7 | BU52: 1056873.2
A53: Egypt | B53: =VLOOKUP(A53,'storage capacity'!$A$2:$C$195,3,FALSE) -> Country specific | C53: 472622.8 | D53: 496797.45 | E53: 521954.53 | F53: 548121.21 | G53: 575324.9 | H53: 603593.19 | I53: 632953.85 | J53: 663434.83 | K53: 695064.17 | L53: 727870.08 | M53: 761880.83 | N53: 797124.78 | O53: 833630.34 | P53: 871425.96 | Q53: 910540.08 | R53: 951001.15 | S53: 992837.58 | T53: 1036077.7 | U53: 1080749.8 | V53: 1126882 | W53: 1174502.4 | X53: 1223638.8 | Y53: 1274318.9 | Z53: 1326570.3 | AA53: 1380420.3 | AB53: 1435895.8 | AC53: 1493023.7 | AD53: 1551830.5 | AE53: 1612342.3 | AF53: 1674585 | AG53: 1738584 | AH53: 1804364.5 | AI53: 1871951.2 | AJ53: 1941368.3 | AK53: 2012639.6 | AL53: 2085788.6 | AM53: 2160838.1 | AN53: 2237810.4 | AO53: 2316727.5 | AP53: 2397610.6 | AQ53: 2480480.5 | AR53: 2565357.4 | AS53: 2652260.7 | AT53: 2741209.5 | AU53: 2832222 | AV53: 2925316 | AW53: 3020508.3 | AX53: 3117815.5 | AY53: 3217252.9 | AZ53: 3318835.7 | BA53: 3422578 | BB53: 3528493.3 | BC53: 3636594.4 | BD53: 3746893.1 | BE53: 3859400.8 | BF53: 3974127.9 | BG53: 4091084.1 | BH53: 4210278.2 | BI53: 4331718.4 | BJ53: 4455411.9 | BK53: 4581365.4 | BL53: 4709584.3 | BM53: 4840073.6 | BN53: 4972837.4 | BO53: 5107878.9 | BP53: 5245200.4 | BQ53: 5384803.6 | BR53: 5526689.2 | BS53: 5670857.1 | BT53: 5817306.5 | BU53: 5966035.6
A54: El Salvador | B54: =VLOOKUP(A54,'storage capacity'!$A$2:$C$195,3,FALSE) -> Other latin america | C54: 48054.467 | D54: 50616.656 | E54: 53288.469 | F54: 56073.186 | G54: 58974.122 | H54: 61994.628 | I54: 65138.085 | J54: 68407.903 | K54: 71807.52 | L54: 75340.4 | M54: 79010.029 | N54: 82819.911 | O54: 86773.571 | P54: 90874.547 | Q54: 95126.39 | R54: 99532.661 | S54: 104096.93 | T54: 108822.76 | U54: 113713.74 | V54: 118773.43 | W54: 124005.4 | X54: 129413.21 | Y54: 135000.42 | Z54: 140770.57 | AA54: 146727.18 | AB54: 152873.74 | AC54: 159213.76 | AD54: 165750.68 | AE54: 172487.93 | AF54: 179428.92 | AG54: 186577.02 | AH54: 193935.56 | AI54: 201507.82 | AJ54: 209297.07 | AK54: 217306.51 | AL54: 225539.29 | AM54: 233998.54 | AN54: 242687.29 | AO54: 251608.56 | AP54: 260765.29 | AQ54: 270160.35 | AR54: 279796.57 | AS54: 289676.71 | AT54: 299803.44 | AU54: 310179.38 | AV54: 320807.07 | AW54: 331688.98 | AX54: 342827.49 | AY54: 354224.93 | AZ54: 365883.52 | BA54: 377805.4 | BB54: 389992.64 | BC54: 402447.21 | BD54: 415171 | BE54: 428165.8 | BF54: 441433.32 | BG54: 454975.18 | BH54: 468792.89 | BI54: 482887.87 | BJ54: 497261.45 | BK54: 511914.86 | BL54: 526849.23 | BM54: 542065.59 | BN54: 557564.86 | BO54: 573347.88 | BP54: 589415.37 | BQ54: 605767.96 | BR54: 622406.17 | BS54: 639330.42 | BT54: 656541.02 | BU54: 674038.18
A55: Equatorial Guinea | B55: =VLOOKUP(A55,'storage capacity'!$A$2:$C$195,3,FALSE) -> Sub-saharan africa | C55: 14642.667 | D55: 15167.844 | E55: 15706.417 | F55: 16258.537 | G55: 16824.35 | H55: 17403.999 | I55: 17997.622 | J55: 18605.354 | K55: 19227.324 | L55: 19863.66 | M55: 20514.481 | N55: 21179.905 | O55: 21860.043 | P55: 22555.002 | Q55: 23264.884 | R55: 23989.786 | S55: 24729.8 | T55: 25485.013 | U55: 26255.506 | V55: 27041.357 | W55: 27842.634 | X55: 28659.404 | Y55: 29491.728 | Z55: 30339.658 | AA55: 31203.245 | AB55: 32082.531 | AC55: 32977.554 | AD55: 33888.346 | AE55: 34814.934 | AF55: 35757.337 | AG55: 36715.571 | AH55: 37689.645 | AI55: 38679.562 | AJ55: 39685.32 | AK55: 40706.911 | AL55: 41744.321 | AM55: 42797.531 | AN55: 43866.516 | AO55: 44951.245 | AP55: 46051.681 | AQ55: 47167.783 | AR55: 48299.503 | AS55: 49446.788 | AT55: 50609.58 | AU55: 51787.815 | AV55: 52981.423 | AW55: 54190.331 | AX55: 55414.458 | AY55: 56653.72 | AZ55: 57908.026 | BA55: 59177.281 | BB55: 60461.386 | BC55: 61760.236 | BD55: 63073.72 | BE55: 64401.724 | BF55: 65744.13 | BG55: 67100.813 | BH55: 68471.646 | BI55: 69856.495 | BJ55: 71255.225 | BK55: 72667.694 | BL55: 74093.758 | BM55: 75533.266 | BN55: 76986.067 | BO55: 78452.004 | BP55: 79930.916 | BQ55: 81422.639 | BR55: 82927.006 | BS55: 84443.846 | BT55: 85972.985 | BU55: 87514.246
A56: Eritrea | B56: =VLOOKUP(A56,'storage capacity'!$A$2:$C$195,3,FALSE) -> Sub-saharan africa | C56: 1982 | D56: 1982 | E56: 1982 | F56: 1982 | G56: 1982 | H56: 1982 | I56: 1982 | J56: 1982 | K56: 1982 | L56: 1982 | M56: 1982 | N56: 1982 | O56: 1982 | P56: 1982 | Q56: 1982 | R56: 1982 | S56: 1982 | T56: 1982 | U56: 1982 | V56: 1982 | W56: 1982 | X56: 1982 | Y56: 1982 | Z56: 1982 | AA56: 1982 | AB56: 1982 | AC56: 1982 | AD56: 1982 | AE56: 1982 | AF56: 1982 | AG56: 1982 | AH56: 1982 | AI56: 1982 | AJ56: 1982 | AK56: 1982 | AL56: 1982 | AM56: 1982 | AN56: 1982 | AO56: 1982 | AP56: 1982 | AQ56: 1982 | AR56: 1982 | AS56: 1982 | AT56: 1982 | AU56: 1982 | AV56: 1982 | AW56: 1982 | AX56: 1982 | AY56: 1982 | AZ56: 1982 | BA56: 1982 | BB56: 1982 | BC56: 1982 | BD56: 1982 | BE56: 1982 | BF56: 1982 | BG56: 1982 | BH56: 1982 | BI56: 1982 | BJ56: 1982 | BK56: 1982 | BL56: 1982 | BM56: 1982 | BN56: 1982 | BO56: 1982 | BP56: 1982 | BQ56: 1982 | BR56: 1982 | BS56: 1982 | BT56: 1982 | BU56: 1982
... A74: Haiti | B74: =VLOOKUP(A74,'storage capacity'!$A$2:$C$195,3,FALSE) -> Other latin america | C74: 41370.533 | D74: 43407.205 | E74: 45522.772 | F74: 47719.261 | G74: 49998.706 | H74: 52363.152 | I74: 54814.651 | J74: 57355.259 | K74: 59987.038 | L74: 62712.053 | M74: 65532.368 | N74: 68450.049 | O74: 71467.156 | P74: 74585.749 | Q74: 77807.88 | R74: 81135.596 | S74: 84570.932 | T74: 88115.915 | U74: 91772.557 | V74: 95542.86 | W74: 99428.806 | X74: 103432.36 | Y74: 107555.48 | Z74: 111800.08 | AA74: 116168.07 | AB74: 120661.32 | AC74: 125281.7 | AD74: 130031.04 | AE74: 134911.12 | AF74: 139923.72 | AG74: 145070.57 | AH74: 150353.38 | AI74: 155773.82 | AJ74: 161333.51 | AK74: 167034.05 | AL74: 172876.99 | AM74: 178863.84 | AN74: 184996.09 | AO74: 191275.15 | AP74: 197702.41 | AQ74: 204279.2 | AR74: 211006.83 | AS74: 217886.53 | AT74: 224919.49 | AU74: 232106.87 | AV74: 239449.75 | AW74: 246949.17 | AX74: 254606.13 | AY74: 262421.56 | AZ74: 270396.34 | BA74: 278531.3 | BB74: 286827.2 | BC74: 295284.76 | BD74: 303904.64 | BE74: 312687.43 | BF74: 321633.68 | BG74: 330743.86 | BH74: 340018.4 | BI74: 349457.67 | BJ74: 359061.97 | BK74: 368831.55 | BL74: 378766.59 | BM74: 388867.22 | BN74: 399133.5 | BO74: 409565.45 | BP74: 420163 | BQ74: 430926.05 | BR74: 441854.42 | BS74: 452947.88 | BT74: 464206.15 | BU74: 475628.86
A75: Holy See | B75: =VLOOKUP(A75,'storage capacity'!$A$2:$C$195,3,FALSE) -> #N/A
A76: Honduras | B76: =VLOOKUP(A76,'storage capacity'!$A$2:$C$195,3,FALSE) -> Other latin america | C76: 51868 | D76: 54172.737 | E76: 56555.813 | F76: 59018.843 | G76: 61563.435 | H76: 64191.194 | I76: 66903.717 | J76: 69702.59 | K76: 72589.394 | L76: 75565.694 | M76: 78633.044 | N76: 81792.985 | O76: 85047.041 | P76: 88396.723 | Q76: 91843.519 | R76: 95388.902 | S76: 99034.323 | T76: 102781.21 | U76: 106630.97 | V76: 110584.99 | W76: 114644.63 | X76: 118811.21 | Y76: 123086.03 | Z76: 127470.38 | AA76: 131965.49 | AB76: 136572.59 | AC76: 141292.84 | AD76: 146127.4 | AE76: 151077.39 | AF76: 156143.87 | AG76: 161327.9 | AH76: 166630.48 | AI76: 172052.58 | AJ76: 177595.13 | AK76: 183259.01 | AL76: 189045.08 | AM76: 194954.15 | AN76: 200986.99 | AO76: 207144.31 | AP76: 213426.81 | AQ76: 219835.12 | AR76: 226369.84 | AS76: 233031.51 | AT76: 239820.65 | AU76: 246737.72 | AV76: 253783.13 | AW76: 260957.24 | AX76: 268260.39 | AY76: 275692.85 | AZ76: 283254.86 | BA76: 290946.58 | BB76: 298768.17 | BC76: 306719.71 | BD76: 314801.24 | BE76: 323012.76 | BF76: 331354.22 | BG76: 339825.53 | BH76: 348426.52 | BI76: 357157.03 | BJ76: 366016.79 | BK76: 375005.55 | BL76: 384122.95 | BM76: 393368.64 | BN76: 402742.18 | BO76: 412243.11 | BP76: 421870.93 | BQ76: 431625.07 | BR76: 441504.95 | BS76: 451509.91 | BT76: 461639.28 | BU76: 471892.33
A77: Hungary | B77: =VLOOKUP(A77,'storage capacity'!$A$2:$C$195,3,FALSE) -> Other eurasia | C77: 327522.87 | D77: 347455.43 | E77: 368389.59 | F77: 390363.09 | G77: 413414.41 | H77: 437582.8 | I77: 462908.28 | J77: 489431.58 | K77: 517194.15 | L77: 546238.17 | M77: 576606.45 | N77: 608342.5 | O77: 641490.45 | P77: 676095.06 | Q77: 712201.67 | R77: 749856.19 | S77: 789105.07 | T77: 829995.29 | U77: 872574.28 | V77: 916889.95 | W77: 962990.63 | X77: 1010925 | Y77: 1060742.3 | Z77: 1112491.7 | AA77: 1166223 | AB77: 1221986.2 | AC77: 1279831.5 | AD77: 1339809.1 | AE77: 1401969.6 | AF77: 1466363.6 | AG77: 1533041.8 | AH77: 1602054.8 | AI77: 1673453.5 | AJ77: 1747288.3 | AK77: 1823609.9 | AL77: 1902468.7 | AM77: 1983914.8 | AN77: 2067998.5 | AO77: 2154769.3 | AP77: 2244276.8 | AQ77: 2336570.2 | AR77: 2431698.1 | AS77: 2529709 | AT77: 2630650.6 | AU77: 2734570.3 | AV77: 2841514.9 | AW77: 2951530.7 | AX77: 3064663.3 | AY77: 3180957.6 | AZ77: 3300457.8 | BA77: 3423207.4 | BB77: 3549249.1 | BC77: 3678624.9 | BD77: 3811375.6 | BE77: 3947541.6 | BF77: 4087161.9 | BG77: 4230274.9 | BH77: 4376917.7 | BI77: 4527126.7 | BJ77: 4680937 | BK77: 4838382.6 | BL77: 4999496.6 | BM77: 5164310.8 | BN77: 5332855.8 | BO77: 5505161.1 | BP77: 5681254.8 | BQ77: 5861164 | BR77: 6044914.3 | BS77: 6232530.2 | BT77: 6424034.7 | BU77: 6619449.7
A78: Iceland | B78: =VLOOKUP(A78,'storage capacity'!$A$2:$C$195,3,FALSE) -> Country specific | C78: 49642.067 | D78: 53481.234 | E78: 57575.949 | F78: 61940.089 | G78: 66588.073 | H78: 71534.873 | I78: 76796.026 | J78: 82387.638 | K78: 88326.395 | L78: 94629.568 | M78: 101315.02 | N78: 108401.21 | O78: 115907.21 | P78: 123852.69 | Q78: 132257.93 | R78: 141143.83 | S78: 150531.91 | T78: 160444.31 | U78: 170903.79 | V78: 181933.71 | W78: 193558.07 | X78: 205801.47 | Y78: 218689.15 | Z78: 232246.94 | AA78: 246501.26 | AB78: 261479.16 | AC78: 277208.27 | AD78: 293716.8 | AE78: 311033.54 | AF78: 329187.85 | AG78: 348209.65 | AH78: 368129.4 | AI78: 388978.08 | AJ78: 410787.22 | AK78: 433588.83 | AL78: 457415.42 | AM78: 482299.97 | AN78: 508275.92 | AO78: 535377.14 | AP78: 563637.93 | AQ78: 593093 | AR78: 623777.4 | AS78: 655726.59 | AT78: 688976.32 | AU78: 723562.67 | AV78: 759522.03 | AW78: 796891.01 | AX78: 835706.5 | AY78: 876005.57 | AZ78: 917825.51 | BA78: 961203.73 | BB78: 1006177.8 | BC78: 1052785.4 | BD78: 1101064.3 | BE78: 1151052.2 | BF78: 1202787 | BG78: 1256306.5 | BH78: 1311648.3 | BI78: 1368850.2 | BJ78: 1427949.8 | BK78: 1488984.5 | BL78: 1551991.5 | BM78: 1617008 | BN78: 1684070.7 | BO78: 1753216.4 | BP78: 1824481.2 | BQ78: 1897901.1 | BR78: 1973511.9 | BS78: 2051348.7 | BT78: 2131446.3 | BU78: 2213839.3
A79: India | B79: =VLOOKUP(A79,'storage capacity'!$A$2:$C$195,3,FALSE) -> Country specific | C79: 6405675.7 | D79: 6977262.1 | E79: 7593626.1 | F79: 8257730.9 | G79: 8972693.4 | H79: 9741789.5 | I79: 10568459 | J79: 11456309 | K79: 12409123 | L79: 13430861 | M79: 14525668 | N79: 15697877 | O79: 16952015 | P79: 18292804 | Q79: 19725173 | R79: 21254254 | S79: 22885392 | T79: 24624148 | U79: 26476299 | V79: 28447849 | W79: 30545026 | X79: 32774290 | Y79: 35142332 | Z79: 37656080 | AA79: 40322703 | AB79: 43149609 | AC79: 46144449 | AD79: 49315123 | AE79: 52669774 | AF79: 56216796 | AG79: 59964832 | AH79: 63922774 | AI79: 68099766 | AJ79: 72505202 | AK79: 77148725 | AL79: 82040228 | AM79: 87189854 | AN79: 92607991 | AO79: 98305272 | AP79: 1.0429257e+08 | AQ79: 1.1058102e+08 | AR79: 1.1718195e+08 | AS79: 1.2410696e+08 | AT79: 1.3136788e+08 | AU79: 1.3897674e+08 | AV79: 1.4694581e+08 | AW79: 1.5528757e+08 | AX79: 1.6401473e+08 | AY79: 1.7314017e+08 | AZ79: 1.82677e+08 | BA79: 1.9263852e+08 | BB79: 2.030382e+08 | BC79: 2.1388969e+08 | BD79: 2.2520684e+08 | BE79: 2.3700363e+08 | BF79: 2.4929422e+08 | BG79: 2.6209289e+08 | BH79: 2.7541408e+08 | BI79: 2.8927236e+08 | BJ79: 3.036824e+08 | BK79: 3.1865899e+08 | BL79: 3.3421703e+08 | BM79: 3.5037149e+08 | BN79: 3.6713743e+08 | BO79: 3.8452997e+08 | BP79: 4.0256428e+08 | BQ79: 4.212556e+08 | BR79: 4.4061917e+08 | BS79: 4.6067028e+08 | BT79: 4.8142421e+08 | BU79: 5.0289626e+08
A80: Indonesia | B80: =VLOOKUP(A80,'storage capacity'!$A$2:$C$195,3,FALSE) -> Country specific | C80: 2062571.3 | D80: 2209246.4 | E80: 2364780.9 | F80: 2529600.4 | G80: 2704144.4 | H80: 2888866.2 | I80: 3084233 | J80: 3290726.3 | K80: 3508841.3 | L80: 3739087.6 | M80: 3981988.9 | N80: 4238082.9 | O80: 4507921.4 | P80: 4792070.4 | Q80: 5091109.6 | R80: 5405632.8 | S80: 5736247.3 | T80: 6083574.2 | U80: 6448247.9 | V80: 6830916.4 | W80: 7232240.4 | X80: 7652893.5 | Y80: 8093562.2 | Z80: 8554945 | AA80: 9037752.7 | AB80: 9542707.5 | AC80: 10070543 | AD80: 10622005 | AE80: 11197848 | AF80: 11798839 | AG80: 12425752 | AH80: 13079373 | AI80: 13760495 | AJ80: 14469922 | AK80: 15208464 | AL80: 15976938 | AM80: 16776170 | AN80: 17606991 | AO80: 18470237 | AP80: 19366752 | AQ80: 20297381 | AR80: 21262977 | AS80: 22264393 | AT80: 23302486 | AU80: 24378116 | AV80: 25492145 | AW80: 26645432 | AX80: 27838841 | AY80: 29073231 | AZ80: 30349465 | BA80: 31668399 | BB80: 33030888 | BC80: 34437786 | BD80: 35889941 | BE80: 37388195 | BF80: 38933387 | BG80: 40526348 | BH80: 42167905 | BI80: 43858873 | BJ80: 45600063 | BK80: 47392275 | BL80: 49236300 | BM80: 51132917 | BN80: 53082897 | BO80: 55086996 | BP80: 57145961 | BQ80: 59260524 | BR80: 61431404 | BS80: 63659305 | BT80: 65944917 | BU80: 68288915
A81: Iran | B81: =VLOOKUP(A81,'storage capacity'!$A$2:$C$195,3,FALSE) -> Country specific | C81: 658182.33 | D81: 702711.66 | E81: 749778.19 | F81: 799494.98 | G81: 851978.29 | H81: 907347.61 | I81: 965725.66 | J81: 1027238.4 | K81: 1092014.9 | L81: 1160187.5 | M81: 1231891.7 | N81: 1307266.2 | O81: 1386452.7 | P81: 1469596 | Q81: 1556844 | R81: 1648347.5 | S81: 1744260.3 | T81: 1844739 | U81: 1949943.3 | V81: 2060035.2 | W81: 2175179.7 | X81: 2295544.3 | Y81: 2421299.1 | Z81: 2552616.6 | AA81: 2689671.6 | AB81: 2832641.3 | AC81: 2981704.8 | AD81: 3137043.5 | AE81: 3298840.5 | AF81: 3467281.1 | AG81: 3642551.9 | AH81: 3824841.3 | AI81: 4014339.2 | AJ81: 4211236.7 | AK81: 4415726.2 | AL81: 4628001.1 | AM81: 4848255.7 | AN81: 5076685.4 | AO81: 5313485.7 | AP81: 5558853.1 | AQ81: 5812984.1 | AR81: 6076075.6 | AS81: 6348324.4 | AT81: 6629927.3 | AU81: 6921080.8 | AV81: 7221981 | AW81: 7532823.2 | AX81: 7853802.2 | AY81: 8185111.7 | AZ81: 8526944.6 | BA81: 8879492.3 | BB81: 9242944.9 | BC81: 9617490.9 | BD81: 10003317 | BE81: 10400609 | BF81: 10809548 | BG81: 11230317 | BH81: 11663092 | BI81: 12108051 | BJ81: 12565366 | BK81: 13035208 | BL81: 13517743 | BM81: 14013138 | BN81: 14521551 | BO81: 15043142 | BP81: 15578065 | BQ81: 16126470 | BR81: 16688503 | BS81: 17264308 | BT81: 17854023 | BU81: 18457783
A82: Iraq | B82: =VLOOKUP(A82,'storage capacity'!$A$2:$C$195,3,FALSE) -> Middle east | C82: 357920.53 | D82: 376963.45 | E82: 396818.97 | F82: 417511.32 | G82: 439064.96 | H82: 461504.63 | I82: 484855.28 | J82: 509142.07 | K82: 534390.37 | L82: 560625.73 | M82: 587873.86 | N82: 616160.6 | O82: 645511.94 | P82: 675953.97 | Q82: 707512.84 | R82: 740214.81 | S82: 774086.17 | T82: 809153.22 | U82: 845442.3 | V82: 882979.71 | W82: 921791.74 | X82: 961904.59 | Y82: 1003344.4 | Z82: 1046137.3 | AA82: 1090309.1 | AB82: 1135885.6 | AC82: 1182892.5 | AD82: 1231355.1 | AE82: 1281298.8 | AF82: 1332748.5 | AG82: 1385728.9 | AH82: 1440264.6 | AI82: 1496379.8 | AJ82: 1554098.3 | AK82: 1613443.6 | AL82: 1674439.1 | AM82: 1737107.4 | AN82: 1801471 | AO82: 1867552 | AP82: 1935371.8 | AQ82: 2004951.8 | AR82: 2076312.4 | AS82: 2149473.9 | AT82: 2224455.9 | AU82: 2301277.6 | AV82: 2379957.6 | AW82: 2460514 | AX82: 2542964.2 | AY82: 2627325.1 | AZ82: 2713613 | BA82: 2801843.6 | BB82: 2892032 | BC82: 2984192.5 | BD82: 3078338.9 | BE82: 3174484.4 | BF82: 3272641.2 | BG82: 3372821.2 | BH82: 3475035.4 | BI82: 3579294 | BJ82: 3685606.8 | BK82: 3793982.6 | BL82: 3904429.6 | BM82: 4016955.2 | BN82: 4131566.1 | BO82: 4248268.3 | BP82: 4367066.8 | BQ82: 4487966.3 | BR82: 4610970.3 | BS82: 4736081.8 | BT82: 4863303 | BU82: 4992635.2
A83: Ireland | B83: =VLOOKUP(A83,'storage capacity'!$A$2:$C$195,3,FALSE) -> Country specific | C83: 713611.4 | D83: 742669.58 | E83: 772608.6 | F83: 803443.08 | G83: 835187.5 | H83: 867856.17 | I83: 901463.22 | J83: 936022.59 | K83: 971548.02 | L83: 1008053 | M83: 1045550.9 | N83: 1084054.7 | O83: 1123577.3 | P83: 1164131.1 | Q83: 1205728.5 | R83: 1248381.5 | S83: 1292101.6 | T83: 1336900.5 | U83: 1382789 | V83: 1429778 | W83: 1477877.8 | X83: 1527098.7 | Y83: 1577450.2 | Z83: 1628941.9 | AA83: 1681582.6 | AB83: 1735381 | AC83: 1790345.4 | AD83: 1846483.6 | AE83: 1903803.1 | AF83: 1962311 | AG83: 2022013.8 | AH83: 2082917.9 | AI83: 2145029.1 | AJ83: 2208352.8 | AK83: 2272893.9 | AL83: 2338657.1 | AM83: 2405646.3 | AN83: 2473865.3 | AO83: 2543317.4 | AP83: 2614005.2 | AQ83: 2685931.1 | AR83: 2759097.2 | AS83: 2833504.6 | AT83: 2909154.6 | AU83: 2986047.6 | AV83: 3064183.8 | AW83: 3143562.7 | AX83: 3224183.6 | AY83: 3306045.3 | AZ83: 3389146 | BA83: 3473483.7 | BB83: 3559055.7 | BC83: 3645859 | BD83: 3733890.2 | BE83: 3823145.4 | BF83: 3913620.3 | BG83: 4005310.1 | BH83: 4098209.7 | BI83: 4192313.4 | BJ83: 4287615.4 | BK83: 4384109.1 | BL83: 4481787.7 | BM83: 4580644.1 | BN83: 4680670.7 | BO83: 4781859.4 | BP83: 4884201.9 | BQ83: 4987689.4 | BR83: 5092312.8 | BS83: 5198062.7 | BT83: 5304929.1 | BU83: 5412902
A84: Israel | B84: =VLOOKUP(A84,'storage capacity'!$A$2:$C$195,3,FALSE) -> Middle east | C84: 684386.6 | D84: 715123.29 | E84: 746919.22 | F84: 779796.78 | G84: 813778.28 | H84: 848885.99 | I84: 885142.07 | J84: 922568.61 | K84: 961187.57 | L84: 1001020.8 | M84: 1042089.9 | N84: 1084416.4 | O84: 1128021.7 | P84: 1172926.7 | Q84: 1219152.5 | R84: 1266719.5 | S84: 1315648.3 | T84: 1365958.7 | U84: 1417670.8 | V84: 1470803.8 | W84: 1525376.9 | X84: 1581409 | Y84: 1638918.4 | Z84: 1697923.1 | AA84: 1758440.9 | AB84: 1820489 | AC84: 1884084 | AD84: 1949242.5 | AE84: 2015980.3 | AF84: 2084312.7 | AG84: 2154254.9 | AH84: 2225821.2 | AI84: 2299025.5 | AJ84: 2373881.4 | AK84: 2450401.5 | AL84: 2528598.4 | AM84: 2608483.8 | AN84: 2690068.8 | AO84: 2773364.3 | AP84: 2858380.1 | AQ84: 2945125.8 | AR84: 3033610.3 | AS84: 3123841.8 | AT84: 3215828.1 | AU84: 3309576 | AV84: 3405092.1 | AW84: 3502382.1 | AX84: 3601451.1 | AY84: 3702303.7 | AZ84: 3804943.8 | BA84: 3909374.5 | BB84: 4015598.5 | BC84: 4123617.7 | BD84: 4233433.3 | BE84: 4345045.9 | BF84: 4458455.7 | BG84: 4573661.9 | BH84: 4690663.1 | BI84: 4809457.5 | BJ84: 4930042.4 | BK84: 5052414.5 | BL84: 5176570.1 | BM84: 5302504.5 | BN84: 5430212.7 | BO84: 5559688.8 | BP84: 5690926.5 | BQ84: 5823918.7 | BR84: 5958657.8 | BS84: 6095135.6 | BT84: 6233343.3 | BU84: 6373271.4
A85: Italy | B85: =VLOOKUP(A85,'storage capacity'!$A$2:$C$195,3,FALSE) -> Country specific | C85: 2855608.4 | D85: 2941771.8 | E85: 3029647.3 | F85: 3119242.9 | G85: 3210565.6 | H85: 3303622 | I85: 3398418.1 | J85: 3494959.1 | K85: 3593249.8 | L85: 3693294.3 | M85: 3795095.9 | N85: 3898657.5 | O85: 4003981.2 | P85: 4111068.6 | Q85: 4219920.5 | R85: 4330537.3 | S85: 4442918.5 | T85: 4557063.1 | U85: 4672969.5 | V85: 4790635.4 | W85: 4910057.8 | X85: 5031233.2 | Y85: 5154157.4 | Z85: 5278825.7 | AA85: 5405232.6 | AB85: 5533372.1 | AC85: 5663237.6 | AD85: 5794821.8 | AE85: 5928117 | AF85: 6063114.6 | AG85: 6199805.8 | AH85: 6338180.9 | AI85: 6478229.7 | AJ85: 6619941.7 | AK85: 6763305.5 | AL85: 6908309.4 | AM85: 7054941 | AN85: 7203187.5 | AO85: 7353035.5 | AP85: 7504471.1 | AQ85: 7657480 | AR85: 7812047.3 | AS85: 7968157.7 | AT85: 8125795.4 | AU85: 8284944.2 | AV85: 8445587.3 | AW85: 8607707.7 | AX85: 8771287.8 | AY85: 8936309.6 | AZ85: 9102754.9 | BA85: 9270604.9 | BB85: 9439840.6 | BC85: 9610442.4 | BD85: 9782390.5 | BE85: 9955664.9 | BF85: 10130245 | BG85: 10306110 | BH85: 10483239 | BI85: 10661611 | BJ85: 10841203 | BK85: 11021995 | BL85: 11203963 | BM85: 11387086 | BN85: 11571340 | BO85: 11756704 | BP85: 11943154 | BQ85: 12130667 | BR85: 12319219 | BS85: 12508787 | BT85: 12699347 | BU85: 12890876
A86: Jamaica | B86: =VLOOKUP(A86,'storage capacity'!$A$2:$C$195,3,FALSE) -> Other latin america | C86: 26850.133 | D86: 28141.381 | E86: 29481.193 | F86: 30870.758 | G86: 32311.267 | H86: 33803.917 | I86: 35349.905 | J86: 36950.431 | K86: 38606.693 | L86: 40319.891 | M86: 42091.22 | N86: 43921.876 | O86: 45813.049 | P86: 47765.925 | Q86: 49781.686 | R86: 51861.505 | S86: 54006.549 | T86: 56217.977 | U86: 58496.937 | V86: 60844.568 | W86: 63261.997 | X86: 65750.339 | Y86: 68310.695 | Z86: 70944.152 | AA86: 73651.782 | AB86: 76434.64 | AC86: 79293.766 | AD86: 82230.181 | AE86: 85244.885 | AF86: 88338.861 | AG86: 91513.072 | AH86: 94768.455 | AI86: 98105.931 | AJ86: 101526.39 | AK86: 105030.71 | AL86: 108619.73 | AM86: 112294.28 | AN86: 116055.15 | AO86: 119903.1 | AP86: 123838.88 | AQ86: 127863.2 | AR86: 131976.75 | AS86: 136180.18 | AT86: 140474.11 | AU86: 144859.15 | AV86: 149335.84 | AW86: 153904.74 | AX86: 158566.33 | AY86: 163321.09 | AZ86: 168169.45 | BA86: 173111.81 | BB86: 178148.55 | BC86: 183280.01 | BD86: 188506.48 | BE86: 193828.23 | BF86: 199245.51 | BG86: 204758.5 | BH86: 210367.38 | BI86: 216072.27 | BJ86: 221873.28 | BK86: 227770.47 | BL86: 233763.85 | BM86: 239853.43 | BN86: 246039.17 | BO86: 252320.98 | BP86: 258698.75 | BQ86: 265172.34 | BR86: 271741.57 | BS86: 278406.22 | BT86: 285166.04 | BU86: 292020.76
A87: Japan | B87: =VLOOKUP(A87,'storage capacity'!$A$2:$C$195,3,FALSE) -> Country specific | C87: 4750463.7 | D87: 4816244.6 | E87: 4882269.4 | F87: 4948530.1 | G87: 5015018.4 | H87: 5081726.2 | I87: 5148645.4 | J87: 5215767.9 | K87: 5283085.4 | L87: 5350589.9 | M87: 5418273.2 | N87: 5486127.4 | O87: 5554144.2 | P87: 5622315.8 | Q87: 5690634 | R87: 5759090.8 | S87: 5827678.4 | T87: 5896388.7 | U87: 5965214 | V87: 6034146.4 | W87: 6103178 | X87: 6172301.1 | Y87: 6241508.1 | Z87: 6310791.2 | AA87: 6380142.8 | AB87: 6449555.5 | AC87: 6519021.6 | AD87: 6588533.8 | AE87: 6658084.7 | AF87: 6727666.9 | AG87: 6797273.2 | AH87: 6866896.4 | AI87: 6936529.4 | AJ87: 7006165.1 | AK87: 7075796.6 | AL87: 7145416.8 | AM87: 7215019 | AN87: 7284596.4 | AO87: 7354142.2 | AP87: 7423649.9 | AQ87: 7493112.9 | AR87: 7562524.8 | AS87: 7631879.1 | AT87: 7701169.5 | AU87: 7770389.8 | AV87: 7839533.9 | AW87: 7908595.6 | AX87: 7977569.1 | AY87: 8046448.3 | AZ87: 8115227.5 | BA87: 8183900.9 | BB87: 8252462.9 | BC87: 8320908 | BD87: 8389230.6 | BE87: 8457425.4 | BF87: 8525487 | BG87: 8593410.2 | BH87: 8661190 | BI87: 8728821.2 | BJ87: 8796298.9 | BK87: 8863618.3 | BL87: 8930774.5 | BM87: 8997762.9 | BN87: 9064578.8 | BO87: 9131217.8 | BP87: 9197675.4 | BQ87: 9263947.3 | BR87: 9330029.2 | BS87: 9395916.9 | BT87: 9461606.4 | BU87: 9527093.7
... A99: Libya | B99: =VLOOKUP(A99,'storage capacity'!$A$2:$C$195,3,FALSE) -> Middle east | C99: 55784.6 | D99: 57684.968 | E99: 59630.423 | F99: 61621.378 | G99: 63658.234 | H99: 65741.375 | I99: 67871.172 | J99: 70047.978 | K99: 72272.134 | L99: 74543.964 | M99: 76863.775 | N99: 79231.858 | O99: 81648.489 | P99: 84113.925 | Q99: 86628.408 | R99: 89192.163 | S99: 91805.394 | T99: 94468.293 | U99: 97181.03 | V99: 99943.759 | W99: 102756.62 | X99: 105619.72 | Y99: 108533.17 | Z99: 111497.05 | AA99: 114511.41 | AB99: 117576.32 | AC99: 120691.78 | AD99: 123857.82 | AE99: 127074.42 | AF99: 130341.55 | AG99: 133659.17 | AH99: 137027.22 | AI99: 140445.61 | AJ99: 143914.23 | AK99: 147432.98 | AL99: 151001.72 | AM99: 154620.29 | AN99: 158288.52 | AO99: 162006.23 | AP99: 165773.2 | AQ99: 169589.22 | AR99: 173454.04 | AS99: 177367.41 | AT99: 181329.05 | AU99: 185338.68 | AV99: 189395.99 | AW99: 193500.65 | AX99: 197652.34 | AY99: 201850.7 | AZ99: 206095.36 | BA99: 210385.94 | BB99: 214722.04 | BC99: 219103.26 | BD99: 223529.17 | BE99: 227999.33 | BF99: 232513.28 | BG99: 237070.57 | BH99: 241670.72 | BI99: 246313.24 | BJ99: 250997.62 | BK99: 255723.36 | BL99: 260489.92 | BM99: 265296.78 | BN99: 270143.38 | BO99: 275029.17 | BP99: 279953.58 | BQ99: 284916.04 | BR99: 289915.96 | BS99: 294952.75 | BT99: 300025.8 | BU99: 305134.5
A100: Liechtenstein | B100: =VLOOKUP(A100,'storage capacity'!$A$2:$C$195,3,FALSE) -> Other eurasia
A101: Lithuania | B101: =VLOOKUP(A101,'storage capacity'!$A$2:$C$195,3,FALSE) -> Other eurasia | C101: 113178.93 | D101: 116512.19 | E101: 119909.31 | F101: 123370.51 | G101: 126896.01 | H101: 130485.99 | I101: 134140.62 | J101: 137860.04 | K101: 141644.36 | L101: 145493.69 | M101: 149408.08 | N101: 153387.59 | O101: 157432.24 | P101: 161542.03 | Q101: 165716.94 | R101: 169956.91 | S101: 174261.88 | T101: 178631.76 | U101: 183066.42 | V101: 187565.73 | W101: 192129.52 | X101: 196757.61 | Y101: 201449.79 | Z101: 206205.82 | AA101: 211025.45 | AB101: 215908.41 | AC101: 220854.4 | AD101: 225863.09 | AE101: 230934.16 | AF101: 236067.23 | AG101: 241261.92 | AH101: 246517.83 | AI101: 251834.54 | AJ101: 257211.61 | AK101: 262648.56 | AL101: 268144.92 | AM101: 273700.19 | AN101: 279313.84 | AO101: 284985.35 | AP101: 290714.15 | AQ101: 296499.67 | AR101: 302341.32 | AS101: 308238.49 | AT101: 314190.57 | AU101: 320196.91 | AV101: 326256.87 | AW101: 332369.76 | AX101: 338534.92 | AY101: 344751.64 | AZ101: 351019.21 | BA101: 357336.91 | BB101: 363704 | BC101: 370119.74 | BD101: 376583.36 | BE101: 383094.1 | BF101: 389651.16 | BG101: 396253.77 | BH101: 402901.11 | BI101: 409592.37 | BJ101: 416326.74 | BK101: 423103.38 | BL101: 429921.45 | BM101: 436780.12 | BN101: 443678.52 | BO101: 450615.8 | BP101: 457591.09 | BQ101: 464603.53 | BR101: 471652.23 | BS101: 478736.31 | BT101: 485854.89 | BU101: 493007.07
A102: Luxembourg | B102: =VLOOKUP(A102,'storage capacity'!$A$2:$C$195,3,FALSE) -> Other eurasia | C102: 119233.87 | D102: 126636.68 | E102: 134420.49 | F102: 142600.11 | G102: 151190.69 | H102: 160207.71 | I102: 169666.96 | J102: 179584.54 | K102: 189976.86 | L102: 200860.63 | M102: 212252.86 | N102: 224170.85 | O102: 236632.15 | P102: 249654.62 | Q102: 263256.36 | R102: 277455.72 | S102: 292271.31 | T102: 307721.95 | U102: 323826.7 | V102: 340604.82 | W102: 358075.78 | X102: 376259.22 | Y102: 395174.97 | Z102: 414843 | AA102: 435283.46 | AB102: 456516.59 | AC102: 478562.78 | AD102: 501442.53 | AE102: 525176.41 | AF102: 549785.06 | AG102: 575289.21 | AH102: 601709.61 | AI102: 629067.03 | AJ102: 657382.28 | AK102: 686676.15 | AL102: 716969.39 | AM102: 748282.75 | AN102: 780636.9 | AO102: 814052.44 | AP102: 848549.9 | AQ102: 884149.67 | AR102: 920872.05 | AS102: 958737.18 | AT102: 997765.06 | AU102: 1037975.5 | AV102: 1079388.2 | AW102: 1122022.4 | AX102: 1165897.5 | AY102: 1211032.3 | AZ102: 1257445.6 | BA102: 1305155.7 | BB102: 1354180.9 | BC102: 1404539 | BD102: 1456247.4 | BE102: 1509323.3 | BF102: 1563783.6 | BG102: 1619644.7 | BH102: 1676922.8 | BI102: 1735633.3 | BJ102: 1795791.8 | BK102: 1857412.9 | BL102: 1920511.2 | BM102: 1985100.5 | BN102: 2051194.5 | BO102: 2118806.1 | BP102: 2187947.9 | BQ102: 2258632.1 | BR102: 2330870 | BS102: 2404672.9 | BT102: 2480051.2 | BU102: 2557015
A103: Madagascar | B103: =VLOOKUP(A103,'storage capacity'!$A$2:$C$195,3,FALSE) -> Sub-saharan africa | C103: 25697.333 | D103: 26853.848 | E103: 28050.327 | F103: 29287.617 | G103: 30566.564 | H103: 31888.014 | I103: 33252.806 | J103: 34661.779 | K103: 36115.765 | L103: 37615.594 | M103: 39162.086 | N103: 40756.059 | O103: 42398.321 | P103: 44089.674 | Q103: 45830.909 | R103: 47622.812 | S103: 49466.154 | T103: 51361.701 | U103: 53310.203 | V103: 55312.401 | W103: 57369.022 | X103: 59480.782 | Y103: 61648.381 | Z103: 63872.505 | AA103: 66153.827 | AB103: 68493.003 | AC103: 70890.672 | AD103: 73347.457 | AE103: 75863.966 | AF103: 78440.787 | AG103: 81078.489 | AH103: 83777.624 | AI103: 86538.725 | AJ103: 89362.303 | AK103: 92248.852 | AL103: 95198.843 | AM103: 98212.728 | AN103: 101290.94 | AO103: 104433.87 | AP103: 107641.93 | AQ103: 110915.47 | AR103: 114254.83 | AS103: 117660.32 | AT103: 121132.26 | AU103: 124670.9 | AV103: 128276.49 | AW103: 131949.26 | AX103: 135689.41 | AY103: 139497.12 | AZ103: 143372.53 | BA103: 147315.77 | BB103: 151326.95 | BC103: 155406.15 | BD103: 159553.41 | BE103: 163768.77 | BF103: 168052.23 | BG103: 172403.77 | BH103: 176823.35 | BI103: 181310.89 | BJ103: 185866.31 | BK103: 190489.49 | BL103: 195180.27 | BM103: 199938.51 | BN103: 204764 | BO103: 209656.54 | BP103: 214615.88 | BQ103: 219641.77 | BR103: 224733.91 | BS103: 229892.01 | BT103: 235115.74 | BU103: 240404.74
A104: Malawi | B104: =VLOOKUP(A104,'storage capacity'!$A$2:$C$195,3,FALSE) -> Sub-saharan africa | C104: 11866.333 | D104: 12625.412 | E104: 13424.971 | F104: 14266.664 | G104: 15152.183 | H104: 16083.261 | I104: 17061.67 | J104: 18089.219 | K104: 19167.759 | L104: 20299.176 | M104: 21485.396 | N104: 22728.38 | O104: 24030.124 | P104: 25392.661 | Q104: 26818.058 | R104: 28308.414 | S104: 29865.861 | T104: 31492.564 | U104: 33190.715 | V104: 34962.537 | W104: 36810.281 | X104: 38736.222 | Y104: 40742.663 | Z104: 42831.929 | AA104: 45006.367 | AB104: 47268.347 | AC104: 49620.254 | AD104: 52064.496 | AE104: 54603.491 | AF104: 57239.676 | AG104: 59975.498 | AH104: 62813.415 | AI104: 65755.895 | AJ104: 68805.411 | AK104: 71964.443 | AL104: 75235.473 | AM104: 78620.986 | AN104: 82123.465 | AO104: 85745.39 | AP104: 89489.238 | AQ104: 93357.478 | AR104: 97352.571 | AS104: 101476.97 | AT104: 105733.11 | AU104: 110123.41 | AV104: 114650.28 | AW104: 119316.11 | AX104: 124123.26 | AY104: 129074.09 | AZ104: 134170.9 | BA104: 139415.98 | BB104: 144811.62 | BC104: 150360.02 | BD104: 156063.41 | BE104: 161923.93 | BF104: 167943.72 | BG104: 174124.88 | BH104: 180469.44 | BI104: 186979.42 | BJ104: 193656.79 | BK104: 200503.45 | BL104: 207521.29 | BM104: 214712.13 | BN104: 222077.74 | BO104: 229619.84 | BP104: 237340.1 | BQ104: 245240.13 | BR104: 253321.49 | BS104: 261585.68 | BT104: 270034.13 | BU104: 278668.23
A105: Malaysia | B105: =VLOOKUP(A105,'storage capacity'!$A$2:$C$195,3,FALSE) -> Country specific | C105: 646078.47 | D105: 694354.05 | E105: 745718 | F105: 800329.9 | G105: 858355.13 | H105: 919964.96 | I105: 985336.62 | J105: 1054653.3 | K105: 1128104.5 | L105: 1205885.4 | M105: 1288197.7 | N105: 1375249.3 | O105: 1467254.2 | P105: 1564432.7 | Q105: 1667011.2 | R105: 1775222.7 | S105: 1889306.3 | T105: 2009507.2 | U105: 2136077 | V105: 2269273.5 | W105: 2409360.4 | X105: 2556607.9 | Y105: 2711292 | Z105: 2873694.5 | AA105: 3044103.4 | AB105: 3222812.4 | AC105: 3410120.7 | AD105: 3606333.4 | AE105: 3811760.8 | AF105: 4026718.7 | AG105: 4251527.9 | AH105: 4486514.6 | AI105: 4732009.4 | AJ105: 4988348 | AK105: 5255870.6 | AL105: 5534921.6 | AM105: 5825849.6 | AN105: 6129007.2 | AO105: 6444750.8 | AP105: 6773440.3 | AQ105: 7115438.8 | AR105: 7471112.4 | AS105: 7840830.4 | AT105: 8224964.1 | AU105: 8623887.6 | AV105: 9037976.8 | AW105: 9467609.4 | AX105: 9913164.7 | AY105: 10375023 | AZ105: 10853566 | BA105: 11349175 | BB105: 11862232 | BC105: 12393121 | BD105: 12942223 | BE105: 13509920 | BF105: 14096592 | BG105: 14702620 | BH105: 15328380 | BI105: 15974249 | BJ105: 16640601 | BK105: 17327809 | BL105: 18036240 | BM105: 18766260 | BN105: 19518233 | BO105: 20292516 | BP105: 21089465 | BQ105: 21909431 | BR105: 22752758 | BS105: 23619789 | BT105: 24510858 | BU105: 25426296
A106: Maldives | B106: =VLOOKUP(A106,'storage capacity'!$A$2:$C$195,3,FALSE) -> Other Asia pacific | C106: 10657.4 | D106: 10893.292 | E106: 11131.995 | F106: 11373.489 | G106: 11617.754 | H106: 11864.77 | I106: 12114.516 | J106: 12366.968 | K106: 12622.104 | L106: 12879.9 | M106: 13140.331 | N106: 13403.37 | O106: 13668.992 | P106: 13937.169 | Q106: 14207.873 | R106: 14481.075 | S106: 14756.746 | T106: 15034.856 | U106: 15315.373 | V106: 15598.267 | W106: 15883.505 | X106: 16171.055 | Y106: 16460.883 | Z106: 16752.955 | AA106: 17047.237 | AB106: 17343.693 | AC106: 17642.289 | AD106: 17942.989 | AE106: 18245.755 | AF106: 18550.551 | AG106: 18857.34 | AH106: 19166.085 | AI106: 19476.746 | AJ106: 19789.285 | AK106: 20103.665 | AL106: 20419.845 | AM106: 20737.786 | AN106: 21057.449 | AO106: 21378.793 | AP106: 21701.778 | AQ106: 22026.365 | AR106: 22352.512 | AS106: 22680.178 | AT106: 23009.323 | AU106: 23339.905 | AV106: 23671.884 | AW106: 24005.218 | AX106: 24339.865 | AY106: 24675.784 | AZ106: 25012.934 | BA106: 25351.272 | BB106: 25690.758 | BC106: 26031.35 | BD106: 26373.007 | BE106: 26715.686 | BF106: 27059.346 | BG106: 27403.946 | BH106: 27749.445 | BI106: 28095.801 | BJ106: 28442.973 | BK106: 28790.921 | BL106: 29139.603 | BM106: 29488.979 | BN106: 29839.008 | BO106: 30189.651 | BP106: 30540.866 | BQ106: 30892.614 | BR106: 31244.855 | BS106: 31597.549 | BT106: 31950.659 | BU106: 32304.144
A107: Mali | B107: =VLOOKUP(A107,'storage capacity'!$A$2:$C$195,3,FALSE) -> Sub-saharan africa | C107: 30893.8 | D107: 32999.307 | E107: 35225.82 | F107: 37578.792 | G107: 40063.834 | H107: 42686.715 | I107: 45453.363 | J107: 48369.866 | K107: 51442.47 | L107: 54677.577 | M107: 58081.747 | N107: 61661.697 | O107: 65424.295 | P107: 69376.566 | Q107: 73525.682 | R107: 77878.967 | S107: 82443.889 | T107: 87228.062 | U107: 92239.24 | V107: 97485.315 | W107: 102974.31 | X107: 108714.4 | Y107: 114713.85 | Z107: 120981.07 | AA107: 127524.6 | AB107: 134353.08 | AC107: 141475.26 | AD107: 148899.99 | AE107: 156636.24 | AF107: 164693.04 | AG107: 173079.55 | AH107: 181804.98 | AI107: 190878.63 | AJ107: 200309.88 | AK107: 210108.14 | AL107: 220282.91 | AM107: 230843.74 | AN107: 241800.2 | AO107: 253161.92 | AP107: 264938.55 | AQ107: 277139.77 | AR107: 289775.25 | AS107: 302854.7 | AT107: 316387.82 | AU107: 330384.29 | AV107: 344853.78 | AW107: 359805.94 | AX107: 375250.39 | AY107: 391196.72 | AZ107: 407654.44 | BA107: 424633.05 | BB107: 442141.94 | BC107: 460190.48 | BD107: 478787.91 | BE107: 497943.42 | BF107: 517666.1 | BG107: 537964.91 | BH107: 558848.74 | BI107: 580326.34 | BJ107: 602406.33 | BK107: 625097.2 | BL107: 648407.32 | BM107: 672344.89 | BN107: 696917.96 | BO107: 722134.43 | BP107: 748002.01 | BQ107: 774528.25 | BR107: 801720.51 | BS107: 829585.98 | BT107: 858131.63 | BU107: 887364.24
A108: Malta | B108: =VLOOKUP(A108,'storage capacity'!$A$2:$C$195,3,FALSE) -> Other eurasia | C108: 34866.8 | D108: 37175.106 | E108: 39611.618 | F108: 42181.861 | G108: 44891.507 | H108: 47746.375 | I108: 50752.435 | J108: 53915.8 | K108: 57242.729 | L108: 60739.628 | M108: 64413.044 | N108: 68269.665 | O108: 72316.319 | P108: 76559.972 | Q108: 81007.724 | R108: 85666.806 | S108: 90544.58 | T108: 95648.534 | U108: 100986.28 | V108: 106565.55 | W108: 112394.18 | X108: 118480.14 | Y108: 124831.48 | Z108: 131456.39 | AA108: 138363.12 | AB108: 145560.03 | AC108: 153055.57 | AD108: 160858.28 | AE108: 168976.76 | AF108: 177419.7 | AG108: 186195.85 | AH108: 195314 | AI108: 204783.03 | AJ108: 214611.85 | AK108: 224809.42 | AL108: 235384.71 | AM108: 246346.74 | AN108: 257704.57 | AO108: 269467.22 | AP108: 281643.78 | AQ108: 294243.3 | AR108: 307274.84 | AS108: 320747.43 | AT108: 334670.1 | AU108: 349051.84 | AV108: 363901.61 | AW108: 379228.32 | AX108: 395040.83 | AY108: 411347.96 | AZ108: 428158.43 | BA108: 445480.91 | BB108: 463324 | BC108: 481696.19 | BD108: 500605.89 | BE108: 520061.39 | BF108: 540070.9 | BG108: 560642.48 | BH108: 581784.09 | BI108: 603503.55 | BJ108: 625808.56 | BK108: 648706.64 | BL108: 672205.2 | BM108: 696311.47 | BN108: 721032.51 | BO108: 746375.24 | BP108: 772346.37 | BQ108: 798952.46 | BR108: 826199.85 | BS108: 854094.72 | BT108: 882643.03 | BU108: 911850.56
A109: Marshall Islands | B109: =VLOOKUP(A109,'storage capacity'!$A$2:$C$195,3,FALSE) -> Oceania | C109: 349 | D109: 371.03849 | E109: 394.23436 | F109: 418.63388 | G109: 444.28441 | H109: 471.23438 | I109: 499.53327 | J109: 529.2316 | K109: 560.38092 | L109: 593.03379 | M109: 627.24375 | N109: 663.06533 | O109: 700.55399 | P109: 739.76611 | Q109: 780.75899 | R109: 823.59077 | S109: 868.32046 | T109: 915.00784 | U109: 963.71352 | V109: 1014.4988 | W109: 1067.4257 | X109: 1122.557 | Y109: 1179.9559 | Z109: 1239.6865 | AA109: 1301.8131 | AB109: 1366.4008 | AC109: 1433.515 | AD109: 1503.2216 | AE109: 1575.5868 | AF109: 1650.6771 | AG109: 1728.5595 | AH109: 1809.301 | AI109: 1892.9688 | AJ109: 1979.6303 | AK109: 2069.3529 | AL109: 2162.2041 | AM109: 2258.2513 | AN109: 2357.562 | AO109: 2460.2032 | AP109: 2566.242 | AQ109: 2675.7451 | AR109: 2788.7791 | AS109: 2905.41 | AT109: 3025.7034 | AU109: 3149.7247 | AV109: 3277.5384 | AW109: 3409.2088 | AX109: 3544.7992 | AY109: 3684.3725 | AZ109: 3827.9906 | BA109: 3975.7149 | BB109: 4127.6056 | BC109: 4283.7224 | BD109: 4444.1237 | BE109: 4608.8671 | BF109: 4778.0089 | BG109: 4951.6047 | BH109: 5129.7085 | BI109: 5312.3735 | BJ109: 5499.6513 | BK109: 5691.5924 | BL109: 5888.246 | BM109: 6089.6598 | BN109: 6295.8802 | BO109: 6506.952 | BP109: 6722.9185 | BQ109: 6943.8217 | BR109: 7169.7017 | BS109: 7400.5973 | BT109: 7636.5453 | BU109: 7877.5813
A110: Mauritania | B110: =VLOOKUP(A110,'storage capacity'!$A$2:$C$195,3,FALSE) -> Sub-saharan africa | C110: 14229.867 | D110: 15104.238 | E110: 16023.055 | F110: 16988.018 | G110: 18000.864 | H110: 19063.364 | I110: 20177.326 | J110: 21344.592 | K110: 22567.037 | L110: 23846.569 | M110: 25185.128 | N110: 26584.687 | O110: 28047.247 | P110: 29574.84 | Q110: 31169.525 | R110: 32833.389 | S110: 34568.546 | T110: 36377.132 | U110: 38261.309 | V110: 40223.261 | W110: 42265.191 | X110: 44389.325 | Y110: 46597.902 | Z110: 48893.182 | AA110: 51277.437 | AB110: 53752.955 | AC110: 56322.032 | AD110: 58986.978 | AE110: 61750.109 | AF110: 64613.747 | AG110: 67580.221 | AH110: 70651.862 | AI110: 73831.002 | AJ110: 77119.973 | AK110: 80521.103 | AL110: 84036.718 | AM110: 87669.137 | AN110: 91420.67 | AO110: 95293.617 | AP110: 99290.268 | AQ110: 103412.9 | AR110: 107663.76 | AS110: 112045.11 | AT110: 116559.16 | AU110: 121208.11 | AV110: 125994.13 | AW110: 130919.39 | AX110: 135986.01 | AY110: 141196.08 | AZ110: 146551.66 | BA110: 152054.8 | BB110: 157707.48 | BC110: 163511.68 | BD110: 169469.32 | BE110: 175582.28 | BF110: 181852.4 | BG110: 188281.49 | BH110: 194871.31 | BI110: 201623.57 | BJ110: 208539.93 | BK110: 215622.01 | BL110: 222871.37 | BM110: 230289.53 | BN110: 237877.95 | BO110: 245638.03 | BP110: 253571.13 | BQ110: 261678.55 | BR110: 269961.52 | BS110: 278421.22 | BT110: 287058.77 | BU110: 295875.23
A111: Mauritius | B111: =VLOOKUP(A111,'storage capacity'!$A$2:$C$195,3,FALSE) -> Sub-saharan africa | C111: 22791 | D111: 23647.826 | E111: 24527.974 | F111: 25431.752 | G111: 26359.459 | H111: 27311.393 | I111: 28287.841 | J111: 29289.086 | K111: 30315.403 | L111: 31367.06 | M111: 32444.319 | N111: 33547.432 | O111: 34676.645 | P111: 35832.195 | Q111: 37014.311 | R111: 38223.215 | S111: 39459.118 | T111: 40722.225 | U111: 42012.728 | V111: 43330.814 | W111: 44676.659 | X111: 46050.428 | Y111: 47452.28 | Z111: 48882.361 | AA111: 50340.81 | AB111: 51827.752 | AC111: 53343.307 | AD111: 54887.581 | AE111: 56460.671 | AF111: 58062.665 | AG111: 59693.639 | AH111: 61353.659 | AI111: 63042.78 | AJ111: 64761.048 | AK111: 66508.498 | AL111: 68285.153 | AM111: 70091.027 | AN111: 71926.123 | AO111: 73790.433 | AP111: 75683.94 | AQ111: 77606.614 | AR111: 79558.416 | AS111: 81539.298 | AT111: 83549.198 | AU111: 85588.047 | AV111: 87655.763 | AW111: 89752.257 | AX111: 91877.427 | AY111: 94031.163 | AZ111: 96213.342 | BA111: 98423.835 | BB111: 100662.5 | BC111: 102929.19 | BD111: 105223.74 | BE111: 107545.99 | BF111: 109895.75 | BG111: 112272.85 | BH111: 114677.07 | BI111: 117108.22 | BJ111: 119566.09 | BK111: 122050.44 | BL111: 124561.06 | BM111: 127097.7 | BN111: 129660.11 | BO111: 132248.04 | BP111: 134861.23 | BQ111: 137499.41 | BR111: 140162.3 | BS111: 142849.62 | BT111: 145561.07 | BU111: 148296.35
A112: Mexico | B112: =VLOOKUP(A112,'storage capacity'!$A$2:$C$195,3,FALSE) -> Country specific | C112: 2347205.1 | D112: 2464650.1 | E112: 2586738.3 | F112: 2713593 | G112: 2845337.8 | H112: 2982097.5 | I112: 3123997.2 | J112: 3271162.4 | K112: 3423719.3 | L112: 3581794.3 | M112: 3745514 | N112: 3915005.1 | O112: 4090394.3 | P112: 4271808.4 | Q112: 4459373.8 | R112: 4653216.7 | S112: 4853463.1 | T112: 5060238.3 | U112: 5273666.9 | V112: 5493873.2 | W112: 5720980.3 | X112: 5955110.7 | Y112: 6196385.8 | Z112: 6444925.7 | AA112: 6700849.6 | AB112: 6964275.2 | AC112: 7235318.9 | AD112: 7514095.4 | AE112: 7800718 | AF112: 8095298.1 | AG112: 8397945.5 | AH112: 8708768 | AI112: 9027871.2 | AJ112: 9355358.9 | AK112: 9691332.7 | AL112: 10035892 | AM112: 10389133 | AN112: 10751150 | AO112: 11122037 | AP112: 11501881 | AQ112: 11890769 | AR112: 12288785 | AS112: 12696011 | AT112: 13112525 | AU112: 13538401 | AV112: 13973711 | AW112: 14418526 | AX112: 14872910 | AY112: 15336927 | AZ112: 15810635 | BA112: 16294092 | BB112: 16787349 | BC112: 17290456 | BD112: 17803459 | BE112: 18326401 | BF112: 18859320 | BG112: 19402251 | BH112: 19955228 | BI112: 20518277 | BJ112: 21091423 | BK112: 21674688 | BL112: 22268089 | BM112: 22871639 | BN112: 23485348 | BO112: 24109223 | BP112: 24743267 | BQ112: 25387478 | BR112: 26041852 | BS112: 26706380 | BT112: 27381050 | BU112: 28065848
... A114: Moldova | B114: =VLOOKUP(A114,'storage capacity'!$A$2:$C$195,3,FALSE) -> Other eurasia | C114: 29636.333 | D114: 31004.424 | E114: 32421.356 | F114: 33888.227 | G114: 35406.132 | H114: 36976.168 | I114: 38599.428 | J114: 40277.005 | K114: 42009.986 | L114: 43799.455 | M114: 45646.493 | N114: 47552.172 | O114: 49517.557 | P114: 51543.708 | Q114: 53631.675 | R114: 55782.496 | S114: 57997.202 | T114: 60276.812 | U114: 62622.33 | V114: 65034.751 | W114: 67515.052 | X114: 70064.198 | Y114: 72683.138 | Z114: 75372.804 | AA114: 78134.109 | AB114: 80967.951 | AC114: 83875.207 | AD114: 86856.735 | AE114: 89913.373 | AF114: 93045.938 | AG114: 96255.223 | AH114: 99542.002 | AI114: 102907.02 | AJ114: 106351.01 | AK114: 109874.66 | AL114: 113478.66 | AM114: 117163.65 | AN114: 120930.26 | AO114: 124779.08 | AP114: 128710.68 | AQ114: 132725.6 | AR114: 136824.36 | AS114: 141007.45 | AT114: 145275.31 | AU114: 149628.38 | AV114: 154067.05 | AW114: 158591.69 | AX114: 163202.63 | AY114: 167900.18 | AZ114: 172684.62 | BA114: 177556.18 | BB114: 182515.09 | BC114: 187561.51 | BD114: 192695.61 | BE114: 197917.5 | BF114: 203227.26 | BG114: 208624.95 | BH114: 214110.59 | BI114: 219684.17 | BJ114: 225345.66 | BK114: 231094.97 | BL114: 236932.01 | BM114: 242856.64 | BN114: 248868.68 | BO114: 254967.95 | BP114: 261154.21 | BQ114: 267427.21 | BR114: 273786.65 | BS114: 280232.2 | BT114: 286763.53 | BU114: 293380.25
A115: Monaco | B115: =VLOOKUP(A115,'storage capacity'!$A$2:$C$195,3,FALSE) -> Other eurasia
A116: Mongolia | B116: =VLOOKUP(A116,'storage capacity'!$A$2:$C$195,3,FALSE) -> Other Asia pacific | C116: 39510.133 | D116: 43142.624 | E116: 47069.414 | F116: 51310.775 | G116: 55888.083 | H116: 60823.865 | I116: 66141.836 | J116: 71866.94 | K116: 78025.391 | L116: 84644.713 | M116: 91753.779 | N116: 99382.854 | O116: 107563.63 | P116: 116329.27 | Q116: 125714.45 | R116: 135755.38 | S116: 146489.86 | T116: 157957.31 | U116: 170198.79 | V116: 183257.07 | W116: 197176.62 | X116: 212003.69 | Y116: 227786.29 | Z116: 244574.25 | AA116: 262419.23 | AB116: 281374.78 | AC116: 301496.31 | AD116: 322841.16 | AE116: 345468.58 | AF116: 369439.79 | AG116: 394817.96 | AH116: 421668.24 | AI116: 450057.75 | AJ116: 480055.62 | AK116: 511732.98 | AL116: 545162.95 | AM116: 580420.66 | AN116: 617583.24 | AO116: 656729.81 | AP116: 697941.47 | AQ116: 741301.3 | AR116: 786894.34 | AS116: 834807.56 | AT116: 885129.87 | AU116: 937952.05 | AV116: 993366.78 | AW116: 1051468.5 | AX116: 1112353.7 | AY116: 1176120.2 | AZ116: 1242868.1 | BA116: 1312698.6 | BB116: 1385715.1 | BC116: 1462022.2 | BD116: 1541726.1 | BE116: 1624934.8 | BF116: 1711757.3 | BG116: 1802304.3 | BH116: 1896687.6 | BI116: 1995020.2 | BJ116: 2097416.6 | BK116: 2203992.1 | BL116: 2314863 | BM116: 2430146.7 | BN116: 2549961.6 | BO116: 2674426.5 | BP116: 2803661.2 | BQ116: 2937786 | BR116: 3076921.8 | BS116: 3221190 | BT116: 3370712.1 | BU116: 3525610.2
A117: Montenegro | B117: =VLOOKUP(A117,'storage capacity'!$A$2:$C$195,3,FALSE) -> Other eurasia | C117: 11933.4 | D117: 12984.376 | E117: 14116.475 | F117: 15334.974 | G117: 16645.414 | H117: 18053.612 | I117: 19565.67 | J117: 21187.982 | K117: 22927.242 | L117: 24790.452 | M117: 26784.931 | N117: 28918.325 | O117: 31198.607 | P117: 33634.095 | Q117: 36233.451 | R117: 39005.691 | S117: 41960.193 | T117: 45106.703 | U117: 48455.338 | V117: 52016.597 | W117: 55801.363 | X117: 59820.91 | Y117: 64086.907 | Z117: 68611.422 | AA117: 73406.927 | AB117: 78486.301 | AC117: 83862.832 | AD117: 89550.222 | AE117: 95562.587 | AF117: 101914.46 | AG117: 108620.79 | AH117: 115696.94 | AI117: 123158.7 | AJ117: 131022.27 | AK117: 139304.27 | AL117: 148021.72 | AM117: 157192.06 | AN117: 166833.15 | AO117: 176963.23 | AP117: 187600.96 | AQ117: 198765.38 | AR117: 210475.92 | AS117: 222752.4 | AT117: 235615.01 | AU117: 249084.3 | AV117: 263181.19 | AW117: 277926.95 | AX117: 293343.17 | AY117: 309451.8 | AZ117: 326275.08 | BA117: 343835.58 | BB117: 362156.15 | BC117: 381259.93 | BD117: 401170.32 | BE117: 421910.98 | BF117: 443505.8 | BG117: 465978.93 | BH117: 489354.68 | BI117: 513657.59 | BJ117: 538912.36 | BK117: 565143.86 | BL117: 592377.08 | BM117: 620637.18 | BN117: 649949.37 | BO117: 680338.98 | BP117: 711831.42 | BQ117: 744452.11 | BR117: 778226.55 | BS117: 813180.19 | BT117: 849338.53 | BU117: 886727
A118: Morocco | B118: =VLOOKUP(A118,'storage capacity'!$A$2:$C$195,3,FALSE) -> Middle east | C118: 224959.27 | D118: 239606.91 | E118: 255052.29 | F118: 271328.89 | G118: 288471.05 | H118: 306513.98 | I118: 325493.72 | J118: 345447.16 | K118: 366412.02 | L118: 388426.84 | M118: 411530.99 | N118: 435764.62 | O118: 461168.68 | P118: 487784.88 | Q118: 515655.71 | R118: 544824.37 | S118: 575334.81 | T118: 607231.66 | U118: 640560.23 | V118: 675366.5 | W118: 711697.06 | X118: 749599.15 | Y118: 789120.53 | Z118: 830309.56 | AA118: 873215.12 | AB118: 917886.55 | AC118: 964373.69 | AD118: 1012726.8 | AE118: 1062996.5 | AF118: 1115233.9 | AG118: 1169490.3 | AH118: 1225817.2 | AI118: 1284266.7 | AJ118: 1344890.8 | AK118: 1407741.9 | AL118: 1472872.3 | AM118: 1540334.5 | AN118: 1610181.2 | AO118: 1682465 | AP118: 1757238.5 | AQ118: 1834554.1 | AR118: 1914464.3 | AS118: 1997021.4 | AT118: 2082277.4 | AU118: 2170284.1 | AV118: 2261093.2 | AW118: 2354755.8 | AX118: 2451322.8 | AY118: 2550844.7 | AZ118: 2653371.5 | BA118: 2758952.6 | BB118: 2867637.2 | BC118: 2979473.6 | BD118: 3094509.6 | BE118: 3212792.3 | BF118: 3334368.1 | BG118: 3459282.7 | BH118: 3587581 | BI118: 3719307.1 | BJ118: 3854504.1 | BK118: 3993214.5 | BL118: 4135479.6 | BM118: 4281339.8 | BN118: 4430834.5 | BO118: 4584002 | BP118: 4740879.7 | BQ118: 4901503.8 | BR118: 5065909.2 | BS118: 5234129.9 | BT118: 5406198.5 | BU118: 5582146.6
A119: Mozambique | B119: =VLOOKUP(A119,'storage capacity'!$A$2:$C$195,3,FALSE) -> Sub-saharan africa | C119: 35808.2 | D119: 38091.21 | E119: 40495.491 | F119: 43025.968 | G119: 45687.683 | H119: 48485.796 | I119: 51425.583 | J119: 54512.435 | K119: 57751.855 | L119: 61149.459 | M119: 64710.974 | N119: 68442.231 | O119: 72349.17 | P119: 76437.832 | Q119: 80714.359 | R119: 85184.99 | S119: 89856.06 | T119: 94733.993 | U119: 99825.302 | V119: 105136.59 | W119: 110674.52 | X119: 116445.86 | Y119: 122457.44 | Z119: 128716.15 | AA119: 135228.95 | AB119: 142002.87 | AC119: 149044.97 | AD119: 156362.38 | AE119: 163962.28 | AF119: 171851.88 | AG119: 180038.42 | AH119: 188529.17 | AI119: 197331.45 | AJ119: 206452.56 | AK119: 215899.85 | AL119: 225680.64 | AM119: 235802.3 | AN119: 246272.14 | AO119: 257097.52 | AP119: 268285.73 | AQ119: 279844.07 | AR119: 291779.8 | AS119: 304100.17 | AT119: 316812.35 | AU119: 329923.5 | AV119: 343440.71 | AW119: 357371.03 | AX119: 371721.41 | AY119: 386498.78 | AZ119: 401709.96 | BA119: 417361.69 | BB119: 433460.64 | BC119: 450013.38 | BD119: 467026.38 | BE119: 484506.01 | BF119: 502458.51 | BG119: 520890.03 | BH119: 539806.6 | BI119: 559214.1 | BJ119: 579118.3 | BK119: 599524.82 | BL119: 620439.16 | BM119: 641866.66 | BN119: 663812.5 | BO119: 686281.72 | BP119: 709279.2 | BQ119: 732809.65 | BR119: 756877.61 | BS119: 781487.46 | BT119: 806643.41 | BU119: 832349.46
A120: Myanmar | B120: =VLOOKUP(A120,'storage capacity'!$A$2:$C$195,3,FALSE) -> Other Asia pacific | C120: 78728 | D120: 85646.156 | E120: 93096.978 | F120: 101115 | G120: 109736.49 | H120: 118999.51 | I120: 128944 | J120: 139611.76 | K120: 151046.58 | L120: 163294.26 | M120: 176402.63 | N120: 190421.67 | O120: 205403.49 | P120: 221402.43 | Q120: 238475.08 | R120: 256680.34 | S120: 276079.44 | T120: 296736.02 | U120: 318716.12 | V120: 342088.27 | W120: 366923.48 | X120: 393295.33 | Y120: 421279.92 | Z120: 450955.98 | AA120: 482404.82 | AB120: 515710.44 | AC120: 550959.44 | AD120: 588241.15 | AE120: 627647.55 | AF120: 669273.33 | AG120: 713215.89 | AH120: 759575.3 | AI120: 808454.38 | AJ120: 859958.6 | AK120: 914196.16 | AL120: 971277.88 | AM120: 1031317.3 | AN120: 1094430.5 | AO120: 1160736.3 | AP120: 1230356 | AQ120: 1303413.5 | AR120: 1380035 | AS120: 1460349.6 | AT120: 1544488.3 | AU120: 1632584.9 | AV120: 1724775.3 | AW120: 1821197.6 | AX120: 1921992.1 | AY120: 2027301.5 | AZ120: 2137270.1 | BA120: 2252044.5 | BB120: 2371773.1 | BC120: 2496606 | BD120: 2626695.2 | BE120: 2762194.2 | BF120: 2903258.1 | BG120: 3050043.4 | BH120: 3202707.8 | BI120: 3361410.6 | BJ120: 3526311.9 | BK120: 3697572.8 | BL120: 3875355.5 | BM120: 4059822.9 | BN120: 4251138.4 | BO120: 4449466.3 | BP120: 4654970.8 | BQ120: 4867816.9 | BR120: 5088169.5 | BS120: 5316193.6 | BT120: 5552054.1 | BU120: 5795915.6
A121: Namibia | B121: =VLOOKUP(A121,'storage capacity'!$A$2:$C$195,3,FALSE) -> Sub-saharan africa | C121: 17949.533 | D121: 18432.97 | E121: 18924.463 | F121: 19424.015 | G121: 19931.626 | H121: 20447.293 | I121: 20971.012 | J121: 21502.774 | K121: 22042.567 | L121: 22590.378 | M121: 23146.188 | N121: 23709.979 | O121: 24281.727 | P121: 24861.407 | Q121: 25448.991 | R121: 26044.447 | S121: 26647.742 | T121: 27258.839 | U121: 27877.699 | V121: 28504.279 | W121: 29138.536 | X121: 29780.423 | Y121: 30429.889 | Z121: 31086.883 | AA121: 31751.349 | AB121: 32423.232 | AC121: 33102.471 | AD121: 33789.005 | AE121: 34482.77 | AF121: 35183.699 | AG121: 35891.724 | AH121: 36606.774 | AI121: 37328.777 | AJ121: 38057.658 | AK121: 38793.34 | AL121: 39535.744 | AM121: 40284.79 | AN121: 41040.394 | AO121: 41802.474 | AP121: 42570.942 | AQ121: 43345.711 | AR121: 44126.692 | AS121: 44913.794 | AT121: 45706.924 | AU121: 46505.989 | AV121: 47310.892 | AW121: 48121.539 | AX121: 48937.83 | AY121: 49759.666 | AZ121: 50586.948 | BA121: 51419.573 | BB121: 52257.439 | BC121: 53100.443 | BD121: 53948.48 | BE121: 54801.445 | BF121: 55659.231 | BG121: 56521.732 | BH121: 57388.839 | BI121: 58260.445 | BJ121: 59136.44 | BK121: 60016.714 | BL121: 60901.158 | BM121: 61789.662 | BN121: 62682.113 | BO121: 63578.4 | BP121: 64478.413 | BQ121: 65382.038 | BR121: 66289.165 | BS121: 67199.68 | BT121: 68113.471 | BU121: 69030.426
A122: Nauru | B122: =VLOOKUP(A122,'storage capacity'!$A$2:$C$195,3,FALSE) -> Oceania | C122: 219.33333 | D122: 229.28596 | E122: 239.58617 | F122: 250.24147 | G122: 261.25935 | H122: 272.64731 | I122: 284.41281 | J122: 296.56329 | K122: 309.10617 | L122: 322.0488 | M122: 335.3985 | N122: 349.16256 | O122: 363.34817 | P122: 377.96249 | Q122: 393.01259 | R122: 408.50548 | S122: 424.44808 | T122: 440.84722 | U122: 457.70963 | V122: 475.04196 | W122: 492.85073 | X122: 511.14236 | Y122: 529.92317 | Z122: 549.19933 | AA122: 568.97689 | AB122: 589.26178 | AC122: 610.05977 | AD122: 631.37651 | AE122: 653.21748 | AF122: 675.58802 | AG122: 698.49332 | AH122: 721.93838 | AI122: 745.92806 | AJ122: 770.46703 | AK122: 795.55981 | AL122: 821.21072 | AM122: 847.4239 | AN122: 874.20331 | AO122: 901.55272 | AP122: 929.4757 | AQ122: 957.97564 | AR122: 987.05571 | AS122: 1016.7189 | AT122: 1046.968 | AU122: 1077.8056 | AV122: 1109.234 | AW122: 1141.2554 | AX122: 1173.8717 | AY122: 1207.0847 | AZ122: 1240.8959 | BA122: 1275.3065 | BB122: 1310.3178 | BC122: 1345.9305 | BD122: 1382.1453 | BE122: 1418.9626 | BF122: 1456.3827 | BG122: 1494.4055 | BH122: 1533.0309 | BI122: 1572.2584 | BJ122: 1612.0873 | BK122: 1652.5168 | BL122: 1693.5458 | BM122: 1735.173 | BN122: 1777.3968 | BO122: 1820.2157 | BP122: 1863.6276 | BQ122: 1907.6303 | BR122: 1952.2216 | BS122: 1997.399 | BT122: 2043.1595 | BU122: 2089.5004
A123: Nepal | B123: =VLOOKUP(A123,'storage capacity'!$A$2:$C$195,3,FALSE) -> Other Asia pacific | C123: 70394.467 | D123: 73124.454 | E123: 75931.955 | F123: 78818.092 | G123: 81783.972 | H123: 84830.682 | I123: 87959.288 | J123: 91170.84 | K123: 94466.364 | L123: 97846.863 | M123: 101313.32 | N123: 104866.69 | O123: 108507.91 | P123: 112237.88 | Q123: 116057.49 | R123: 119967.59 | S123: 123969.01 | T123: 128062.55 | U123: 132248.96 | V123: 136529 | W123: 140903.37 | X123: 145372.76 | Y123: 149937.79 | Z123: 154599.09 | AA123: 159357.25 | AB123: 164212.8 | AC123: 169166.26 | AD123: 174218.12 | AE123: 179368.81 | AF123: 184618.75 | AG123: 189968.32 | AH123: 195417.85 | AI123: 200967.65 | AJ123: 206617.99 | AK123: 212369.1 | AL123: 218221.17 | AM123: 224174.38 | AN123: 230228.83 | AO123: 236384.62 | AP123: 242641.8 | AQ123: 249000.39 | AR123: 255460.35 | AS123: 262021.63 | AT123: 268684.13 | AU123: 275447.72 | AV123: 282312.24 | AW123: 289277.47 | AX123: 296343.17 | AY123: 303509.08 | AZ123: 310774.87 | BA123: 318140.21 | BB123: 325604.7 | BC123: 333167.94 | BD123: 340829.47 | BE123: 348588.8 | BF123: 356445.43 | BG123: 364398.79 | BH123: 372448.31 | BI123: 380593.37 | BJ123: 388833.32 | BK123: 397167.48 | BL123: 405595.15 | BM123: 414115.58 | BN123: 422728.01 | BO123: 431431.64 | BP123: 440225.64 | BQ123: 449109.16 | BR123: 458081.32 | BS123: 467141.2 | BT123: 476287.88 | BU123: 485520.4
A124: Netherlands | B124: =VLOOKUP(A124,'storage capacity'!$A$2:$C$195,3,FALSE) -> Country specific | C124: 1547472.9 | D124: 1676162.1 | E124: 1814159.3 | F124: 1962024.1 | G124: 2120341.7 | H124: 2289723.1 | I124: 2470806.3 | J124: 2664256.4 | K124: 2870766.6 | L124: 3091058.5 | M124: 3325882.8 | N124: 3576019.8 | O124: 3842280 | P124: 4125504.3 | Q124: 4426564.7 | R124: 4746364.8 | S124: 5085840.1 | T124: 5445958.2 | U124: 5827719.4 | V124: 6232156.7 | W124: 6660336.5 | X124: 7113358.4 | Y124: 7592355.5 | Z124: 8098494.7 | AA124: 8632976.4 | AB124: 9197035.2 | AC124: 9791939.1 | AD124: 10418990 | AE124: 11079524 | AF124: 11774909 | AG124: 12506549 | AH124: 13275879 | AI124: 14084367 | AJ124: 14933513 | AK124: 15824851 | AL124: 16759946 | AM124: 17740391 | AN124: 18767814 | AO124: 19843871 | AP124: 20970245 | AQ124: 22148652 | AR124: 23380832 | AS124: 24668554 | AT124: 26013612 | AU124: 27417826 | AV124: 28883038 | AW124: 30411117 | AX124: 32003951 | AY124: 33663449 | AZ124: 35391542 | BA124: 37190178 | BB124: 39061321 | BC124: 41006954 | BD124: 43029074 | BE124: 45129689 | BF124: 47310821 | BG124: 49574502 | BH124: 51922774 | BI124: 54357685 | BJ124: 56881290 | BK124: 59495648 | BL124: 62202820 | BM124: 65004872 | BN124: 67903864 | BO124: 70901859 | BP124: 74000913 | BQ124: 77203079 | BR124: 80510402 | BS124: 83924918 | BT124: 87448653 | BU124: 91083622
A125: New Zealand | B125: =VLOOKUP(A125,'storage capacity'!$A$2:$C$195,3,FALSE) -> Country specific | C125: 315392.87 | D125: 328327.03 | E125: 341656.97 | F125: 355389.39 | G125: 369530.93 | H125: 384088.13 | I125: 399067.49 | J125: 414475.41 | K125: 430318.2 | L125: 446602.07 | M125: 463333.15 | N125: 480517.45 | O125: 498160.87 | P125: 516269.19 | Q125: 534848.1 | R125: 553903.13 | S125: 573439.7 | T125: 593463.07 | U125: 613978.4 | V125: 634990.67 | W125: 656504.74 | X125: 678525.29 | Y125: 701056.87 | Z125: 724103.84 | AA125: 747670.44 | AB125: 771760.69 | AC125: 796378.47 | AD125: 821527.49 | AE125: 847211.26 | AF125: 873433.13 | AG125: 900196.25 | AH125: 927503.59 | AI125: 955357.95 | AJ125: 983761.9 | AK125: 1012717.9 | AL125: 1042228 | AM125: 1072294.4 | AN125: 1102918.8 | AO125: 1134102.8 | AP125: 1165847.9 | AQ125: 1198155.2 | AR125: 1231025.8 | AS125: 1264460.4 | AT125: 1298459.7 | AU125: 1333024 | AV125: 1368153.6 | AW125: 1403848.4 | AX125: 1440108.2 | AY125: 1476932.6 | AZ125: 1514321 | BA125: 1552272.5 | BB125: 1590786.1 | BC125: 1629860.6 | BD125: 1669494.5 | BE125: 1709686.2 | BF125: 1750434 | BG125: 1791735.7 | BH125: 1833589.1 | BI125: 1875991.9 | BJ125: 1918941.5 | BK125: 1962435 | BL125: 2006469.5 | BM125: 2051041.9 | BN125: 2096148.8 | BO125: 2141786.7 | BP125: 2187952 | BQ125: 2234640.7 | BR125: 2281848.8 | BS125: 2329572.2 | BT125: 2377806.5 | BU125: 2426547.2
A126: Nicaragua | B126: =VLOOKUP(A126,'storage capacity'!$A$2:$C$195,3,FALSE) -> Other latin america | C126: 29571.667 | D126: 30632.264 | E126: 31719.913 | F126: 32834.918 | G126: 33977.575 | H126: 35148.173 | I126: 36346.991 | J126: 37574.301 | K126: 38830.365 | L126: 40115.438 | M126: 41429.763 | N126: 42773.576 | O126: 44147.103 | P126: 45550.56 | Q126: 46984.153 | R126: 48448.077 | S126: 49942.519 | T126: 51467.653 | U126: 53023.645 | V126: 54610.647 | W126: 56228.804 | X126: 57878.247 | Y126: 59559.097 | Z126: 61271.464 | AA126: 63015.448 | AB126: 64791.134 | AC126: 66598.599 | AD126: 68437.908 | AE126: 70309.114 | AF126: 72212.258 | AG126: 74147.37 | AH126: 76114.468 | AI126: 78113.561 | AJ126: 80144.641 | AK126: 82207.695 | AL126: 84302.693 | AM126: 86429.596 | AN126: 88588.355 | AO126: 90778.906 | AP126: 93001.176 | AQ126: 95255.081 | AR126: 97540.524 | AS126: 99857.399 | AT126: 102205.59 | AU126: 104584.96 | AV126: 106995.38 | AW126: 109436.69 | AX126: 111908.74 | AY126: 114411.34 | AZ126: 116944.33 | BA126: 119507.51 | BB126: 122100.67 | BC126: 124723.6 | BD126: 127376.09 | BE126: 130057.9 | BF126: 132768.79 | BG126: 135508.51 | BH126: 138276.8 | BI126: 141073.4 | BJ126: 143898.02 | BK126: 146750.39 | BL126: 149630.21 | BM126: 152537.18 | BN126: 155471 | BO126: 158431.33 | BP126: 161417.87 | BQ126: 164430.28 | BR126: 167468.22 | BS126: 170531.35 | BT126: 173619.31 | BU126: 176731.75
A127: Niger | B127: =VLOOKUP(A127,'storage capacity'!$A$2:$C$195,3,FALSE) -> Sub-saharan africa | C127: 31699.8 | D127: 34195.939 | E127: 36861.704 | F127: 39706.545 | G127: 42740.296 | H127: 45973.183 | I127: 49415.832 | J127: 53079.275 | K127: 56974.958 | L127: 61114.743 | M127: 65510.918 | N127: 70176.199 | O127: 75123.737 | P127: 80367.122 | Q127: 85920.384 | R127: 91797.999 | S127: 98014.892 | T127: 104586.44 | U127: 111528.46 | V127: 118857.23 | W127: 126589.49 | X127: 134742.42 | Y127: 143333.66 | Z127: 152381.28 | AA127: 161903.84 | AB127: 171920.29 | AC127: 182450.07 | AD127: 193513.03 | AE127: 205129.46 | AF127: 217320.07 | AG127: 230106.01 | AH127: 243508.83 | AI127: 257550.47 | AJ127: 272253.3 | AK127: 287640.04 | AL127: 303733.83 | AM127: 320558.14 | AN127: 338136.81 | AO127: 356494.02 | AP127: 375654.3 | AQ127: 395642.48 | AR127: 416483.69 | AS127: 438203.36 | AT127: 460827.18 | AU127: 484381.13 | AV127: 508891.39 | AW127: 534384.4 | AX127: 560886.78 | AY127: 588425.36 | AZ127: 617027.14 | BA127: 646719.24 | BB127: 677528.96 | BC127: 709483.68 | BD127: 742610.88 | BE127: 776938.12 | BF127: 812492.99 | BG127: 849303.13 | BH127: 887396.19 | BI127: 926799.79 | BJ127: 967541.51 | BK127: 1009648.9 | BL127: 1053149.4 | BM127: 1098070.4 | BN127: 1144439 | BO127: 1192282.4 | BP127: 1241627.5 | BQ127: 1292500.9 | BR127: 1344929.3 | BS127: 1398938.7 | BT127: 1454555.3 | BU127: 1511804.7
A128: Nigeria | B128: =VLOOKUP(A128,'storage capacity'!$A$2:$C$195,3,FALSE) -> Sub-saharan africa | C128: 165482.13 | D128: 179098.36 | E128: 193687.59 | F128: 209307.48 | G128: 226018.23 | H128: 243882.69 | I128: 262966.39 | J128: 283337.62 | K128: 305067.44 | L128: 328229.82 | M128: 352901.59 | N128: 379162.59 | O128: 407095.64 | P128: 436786.61 | Q128: 468324.49 | R128: 501801.39 | S128: 537312.6 | T128: 574956.61 | U128: 614835.13 | V128: 657053.14 | W128: 701718.92 | X128: 748944 | Y128: 798843.26 | Z128: 851534.88 | AA128: 907140.35 | AB128: 965784.52 | AC128: 1027595.5 | AD128: 1092704.8 | AE128: 1161247.1 | AF128: 1233360.5 | AG128: 1309186.2 | AH128: 1388868.7 | AI128: 1472555.6 | AJ128: 1560397.9 | AK128: 1652549.4 | AL128: 1749167.1 | AM128: 1850411 | AN128: 1956444 | AO128: 2067431.8 | AP128: 2183543 | AQ128: 2304949 | AR128: 2431823.6 | AS128: 2564343.4 | AT128: 2702687.3 | AU128: 2847036.6 | AV128: 2997575 | AW128: 3154488.2 | AX128: 3317964 | AY128: 3488192.2 | AZ128: 3665364.4 | BA128: 3849673.7 | BB128: 4041315.1 | BC128: 4240484.8 | BD128: 4447380.4 | BE128: 4662200.7 | BF128: 4885145.4 | BG128: 5116415.2 | BH128: 5356211.4 | BI128: 5604736 | BJ128: 5862191.5 | BK128: 6128780.4 | BL128: 6404705.7 | BM128: 6690169.9 | BN128: 6985375.7 | BO128: 7290525.2 | BP128: 7605820.1 | BQ128: 7931461.3 | BR128: 8267648.9 | BS128: 8614582 | BT128: 8972458.5 | BU128: 9341474.7
A129: North Korea | B129: =VLOOKUP(A129,'storage capacity'!$A$2:$C$195,3,FALSE) -> Other Asia pacific
A130: North Macedonia | B130: =VLOOKUP(A130,'storage capacity'!$A$2:$C$195,3,FALSE) -> Other eurasia | C130: 22474.933 | D130: 23853.414 | E130: 25301.813 | F130: 26822.796 | G130: 28419.086 | H130: 30093.463 | I130: 31848.76 | J130: 33687.863 | K130: 35613.711 | L130: 37629.296 | M130: 39737.658 | N130: 41941.886 | O130: 44245.117 | P130: 46650.532 | Q130: 49161.357 | R130: 51780.86 | S130: 54512.35 | T130: 57359.172 | U130: 60324.71 | V130: 63412.382 | W130: 66625.636 | X130: 69967.952 | Y130: 73442.839 | Z130: 77053.827 | AA130: 80804.472 | AB130: 84698.351 | AC130: 88739.056 | AD130: 92930.196 | AE130: 97275.393 | AF130: 101778.28 | AG130: 106442.49 | AH130: 111271.66 | AI130: 116269.45 | AJ130: 121439.5 | AK130: 126785.43 | AL130: 132310.89 | AM130: 138019.49 | AN130: 143914.85 | AO130: 150000.54 | AP130: 156280.15 | AQ130: 162757.22 | AR130: 169435.28 | AS130: 176317.83 | AT130: 183408.33 | AU130: 190710.21 | AV130: 198226.86 | AW130: 205961.66 | AX130: 213917.89 | AY130: 222098.84 | AZ130: 230507.72 | BA130: 239147.69 | BB130: 248021.87 | BC130: 257133.31 | BD130: 266485.02 | BE130: 276079.92 | BF130: 285920.88 | BG130: 296010.71 | BH130: 306352.14 | BI130: 316947.84 | BJ130: 327800.38 | BK130: 338912.28 | BL130: 350285.96 | BM130: 361923.79 | BN130: 373828.03 | BO130: 386000.85 | BP130: 398444.37 | BQ130: 411160.58 | BR130: 424151.4 | BS130: 437418.66 | BT130: 450964.09 | BU130: 464789.34
A131: Norway | B131: =VLOOKUP(A131,'storage capacity'!$A$2:$C$195,3,FALSE) -> Country specific | C131: 561054.8 | D131: 575518.18 | E131: 590206.05 | F131: 605118.14 | G131: 620254.12 | H131: 635613.54 | I131: 651195.92 | J131: 667000.66 | K131: 683027.11 | L131: 699274.51 | M131: 715742.06 | N131: 732428.86 | O131: 749333.94 | P131: 766456.25 | Q131: 783794.67 | R131: 801348 | S131: 819114.98 | T131: 837094.27 | U131: 855284.46 | V131: 873684.07 | W131: 892291.56 | X131: 911105.3 | Y131: 930123.63 | Z131: 949344.78 | AA131: 968766.96 | AB131: 988388.3 | AC131: 1008206.9 | AD131: 1028220.6 | AE131: 1048427.6 | AF131: 1068825.7 | AG131: 1089412.6 | AH131: 1110186.3 | AI131: 1131144.3 | AJ131: 1152284.5 | AK131: 1173604.4 | AL131: 1195101.7 | AM131: 1216773.8 | AN131: 1238618.3 | AO131: 1260632.5 | AP131: 1282814 | AQ131: 1305160.1 | AR131: 1327668 | AS131: 1350335.2 | AT131: 1373158.8 | AU131: 1396136.1 | AV131: 1419264.2 | AW131: 1442540.4 | AX131: 1465961.7 | AY131: 1489525.3 | AZ131: 1513228.2 | BA131: 1537067.5 | BB131: 1561040.3 | BC131: 1585143.4 | BD131: 1609373.9 | BE131: 1633728.9 | BF131: 1658205.1 | BG131: 1682799.7 | BH131: 1707509.4 | BI131: 1732331.2 | BJ131: 1757262 | BK131: 1782298.8 | BL131: 1807438.3 | BM131: 1832677.4 | BN131: 1858013.1 | BO131: 1883442.2 | BP131: 1908961.5 | BQ131: 1934568 | BR131: 1960258.4 | BS131: 1986029.7 | BT131: 2011878.7 | BU131: 2037802.2
A132: Oman | B132: =VLOOKUP(A132,'storage capacity'!$A$2:$C$195,3,FALSE) -> Middle east | C132: 138708.8 | D132: 144416.55 | E132: 150299.75 | F132: 156361.38 | G132: 162604.43 | H132: 169031.81 | I132: 175646.44 | J132: 182451.18 | K132: 189448.86 | L132: 196642.27 | M132: 204034.15 | N132: 211627.19 | O132: 219424.05 | P132: 227427.33 | Q132: 235639.56 | R132: 244063.25 | S132: 252700.81 | T132: 261554.64 | U132: 270627.03 | V132: 279920.24 | W132: 289436.45 | X132: 299177.78 | Y132: 309146.28 | Z132: 319343.91 | AA132: 329772.59 | AB132: 340434.14 | AC132: 351330.32 | AD132: 362462.8 | AE132: 373833.17 | AF132: 385442.96 | AG132: 397293.61 | AH132: 409386.45 | AI132: 421722.77 | AJ132: 434303.75 | AK132: 447130.49 | AL132: 460203.99 | AM132: 473525.19 | AN132: 487094.92 | AO132: 500913.93 | AP132: 514982.88 | AQ132: 529302.34 | AR132: 543872.78 | AS132: 558694.6 | AT132: 573768.08 | AU132: 589093.45 | AV132: 604670.81 | AW132: 620500.19 | AX132: 636581.53 | AY132: 652914.65 | AZ132: 669499.32 | BA132: 686335.2 | BB132: 703421.86 | BC132: 720758.78 | BD132: 738345.35 | BE132: 756180.88 | BF132: 774264.58 | BG132: 792595.59 | BH132: 811172.93 | BI132: 829995.58 | BJ132: 849062.4 | BK132: 868372.17 | BL132: 887923.61 | BM132: 907715.34 | BN132: 927745.89 | BO132: 948013.72 | BP132: 968517.23 | BQ132: 989254.72 | BR132: 1010224.4 | BS132: 1031424.5 | BT132: 1052853 | BU132: 1074507.9
A133: Pakistan | B133: =VLOOKUP(A133,'storage capacity'!$A$2:$C$195,3,FALSE) -> Country specific | C133: 392896.87 | D133: 392896.87 | E133: 392896.87 | F133: 392896.87 | G133: 392896.87 | H133: 392896.87 | I133: 392896.87 | J133: 392896.87 | K133: 392896.87 | L133: 392896.87 | M133: 392896.87 | N133: 392896.87 | O133: 392896.87 | P133: 392896.87 | Q133: 392896.87 | R133: 392896.87 | S133: 392896.87 | T133: 392896.87 | U133: 392896.87 | V133: 392896.87 | W133: 392896.87 | X133: 392896.87 | Y133: 392896.87 | Z133: 392896.87 | AA133: 392896.87 | AB133: 392896.87 | AC133: 392896.87 | AD133: 392896.87 | AE133: 392896.87 | AF133: 392896.87 | AG133: 392896.87 | AH133: 392896.87 | AI133: 392896.87 | AJ133: 392896.87 | AK133: 392896.87 | AL133: 392896.87 | AM133: 392896.87 | AN133: 392896.87 | AO133: 392896.87 | AP133: 392896.87 | AQ133: 392896.87 | AR133: 392896.87 | AS133: 392896.87 | AT133: 392896.87 | AU133: 392896.87 | AV133: 392896.87 | AW133: 392896.87 | AX133: 392896.87 | AY133: 392896.87 | AZ133: 392896.87 | BA133: 392896.87 | BB133: 392896.87 | BC133: 392896.87 | BD133: 392896.87 | BE133: 392896.87 | BF133: 392896.87 | BG133: 392896.87 | BH133: 392896.87 | BI133: 392896.87 | BJ133: 392896.87 | BK133: 392896.87 | BL133: 392896.87 | BM133: 392896.87 | BN133: 392896.87 | BO133: 392896.87 | BP133: 392896.87 | BQ133: 392896.87 | BR133: 392896.87 | BS133: 392896.87 | BT133: 392896.87 | BU133: 392896.87
A134: Palau | B134: =VLOOKUP(A134,'storage capacity'!$A$2:$C$195,3,FALSE) -> Oceania | C134: 463.93333 | D134: 491.86844 | E134: 521.18945 | F134: 551.94765 | G134: 584.19531 | H134: 617.98574 | I134: 653.37318 | J134: 690.41287 | K134: 729.16093 | L134: 769.67443 | M134: 812.01129 | N134: 856.23028 | O134: 902.39099 | P134: 950.55381 | Q134: 1000.7799 | R134: 1053.131 | S134: 1107.6697 | T134: 1164.4593 | U134: 1223.5633 | V134: 1285.0463 | W134: 1348.973 | X134: 1415.4087 | Y134: 1484.4193 | Z134: 1556.0709 | AA134: 1630.4299 | AB134: 1707.5632 | AC134: 1787.5377 | AD134: 1870.4206 | AE134: 1956.2793 | AF134: 2045.1812 | AG134: 2137.1938 | AH134: 2232.3845 | AI134: 2330.8207 | AJ134: 2432.5696 | AK134: 2537.6984 | AL134: 2646.2738 | AM134: 2758.3623 | AN134: 2874.0303 | AO134: 2993.3435 | AP134: 3116.3672 | AQ134: 3243.1662 | AR134: 3373.8049 | AS134: 3508.3469 | AT134: 3646.8551 | AU134: 3789.3917 | AV134: 3936.0184 | AW134: 4086.7956 | AX134: 4241.7831 | AY134: 4401.0397 | AZ134: 4564.6231 | BA134: 4732.5903 | BB134: 4904.9967 | BC134: 5081.8969 | BD134: 5263.3443 | BE134: 5449.391 | BF134: 5640.0877 | BG134: 5835.4841 | BH134: 6035.6281 | BI134: 6240.5665 | BJ134: 6450.3445 | BK134: 6665.0061 | BL134: 6884.5933 | BM134: 7109.1468 | BN134: 7338.7058 | BO134: 7573.3077 | BP134: 7812.9883 | BQ134: 8057.7817 | BR134: 8307.7202 | BS134: 8562.8344 | BT134: 8823.1532 | BU134: 9088.7037
A135: Panama | B135: =VLOOKUP(A135,'storage capacity'!$A$2:$C$195,3,FALSE) -> Other latin america | C135: 122499.8 | D135: 129873.68 | E135: 137613.26 | F135: 145732.06 | G135: 154243.86 | H135: 163162.72 | I135: 172502.96 | J135: 182279.13 | K135: 192506.03 | L135: 203198.72 | M135: 214372.46 | N135: 226042.75 | O135: 238225.31 | P135: 250936.06 | Q135: 264191.12 | R135: 278006.78 | S135: 292399.55 | T135: 307386.07 | U135: 322983.15 | V135: 339207.76 | W135: 356076.99 | X135: 373608.07 | Y135: 391818.34 | Z135: 410725.22 | AA135: 430346.25 | AB135: 450699.02 | AC135: 471801.21 | AD135: 493670.51 | AE135: 516324.69 | AF135: 539781.52 | AG135: 564058.77 | AH135: 589174.23 | AI135: 615145.65 | AJ135: 641990.75 | AK135: 669727.21 | AL135: 698372.65 | AM135: 727944.6 | AN135: 758460.5 | AO135: 789937.7 | AP135: 822393.41 | AQ135: 855844.72 | AR135: 890308.56 | AS135: 925801.7 | AT135: 962340.73 | AU135: 999942.06 | AV135: 1038621.9 | AW135: 1078396.1 | AX135: 1119280.6 | AY135: 1161290.7 | AZ135: 1204441.7 | BA135: 1248748.6 | BB135: 1294226 | BC135: 1340888.3 | BD135: 1388749.5 | BE135: 1437823.4 | BF135: 1488123.2 | BG135: 1539662.2 | BH135: 1592452.9 | BI135: 1646507.6 | BJ135: 1701838.2 | BK135: 1758456.4 | BL135: 1816373.1 | BM135: 1875599.2 | BN135: 1936144.9 | BO135: 1998020 | BP135: 2061234 | BQ135: 2125795.8 | BR135: 2191714 | BS135: 2258996.6 | BT135: 2327651.2 | BU135: 2397684.9
A136: Papua New Guinea | B136: =VLOOKUP(A136,'storage capacity'!$A$2:$C$195,3,FALSE) -> Other Asia pacific | C136: 38736.8 | D136: 39905.383 | E136: 41097.181 | F136: 42312.299 | G136: 43550.834 | H136: 44812.874 | I136: 46098.501 | J136: 47407.785 | K136: 48740.791 | L136: 50097.573 | M136: 51478.178 | N136: 52882.643 | O136: 54310.999 | P136: 55763.264 | Q136: 57239.453 | R136: 58739.566 | S136: 60263.6 | T136: 61811.54 | U136: 63383.364 | V136: 64979.04 | W136: 66598.529 | X136: 68241.782 | Y136: 69908.743 | Z136: 71599.347 | AA136: 73313.519 | AB136: 75051.179 | AC136: 76812.236 | AD136: 78596.592 | AE136: 80404.14 | AF136: 82234.767 | AG136: 84088.35 | AH136: 85964.76 | AI136: 87863.858 | AJ136: 89785.5 | AK136: 91729.533 | AL136: 93695.797 | AM136: 95684.124 | AN136: 97694.341 | AO136: 99726.266 | AP136: 101779.71 | AQ136: 103854.48 | AR136: 105950.37 | AS136: 108067.18 | AT136: 110204.69 | AU136: 112362.68 | AV136: 114540.92 | AW136: 116739.19 | AX136: 118957.24 | AY136: 121194.83 | AZ136: 123451.72 | BA136: 125727.64 | BB136: 128022.35 | BC136: 130335.56 | BD136: 132667.03 | BE136: 135016.47 | BF136: 137383.61 | BG136: 139768.16 | BH136: 142169.84 | BI136: 144588.36 | BJ136: 147023.42 | BK136: 149474.73 | BL136: 151942 | BM136: 154424.91 | BN136: 156923.15 | BO136: 159436.43 | BP136: 161964.42 | BQ136: 164506.82 | BR136: 167063.3 | BS136: 169633.55 | BT136: 172217.24 | BU136: 174814.06
A137: Paraguay | B137: =VLOOKUP(A137,'storage capacity'!$A$2:$C$195,3,FALSE) -> Other latin america | C137: 59210.4 | D137: 62337.489 | E137: 65596.806 | F137: 68992.24 | G137: 72527.717 | H137: 76207.202 | I137: 80034.693 | J137: 84014.222 | K137: 88149.849 | L137: 92445.661 | M137: 96905.77 | N137: 101534.31 | O137: 106335.42 | P137: 111313.28 | Q137: 116472.06 | R137: 121815.94 | S137: 127349.11 | T137: 133075.77 | U137: 139000.1 | V137: 145126.3 | W137: 151458.53 | X137: 158000.97 | Y137: 164757.77 | Z137: 171733.06 | AA137: 178930.96 | AB137: 186355.55 | AC137: 194010.89 | AD137: 201901 | AE137: 210029.89 | AF137: 218401.49 | AG137: 227019.73 | AH137: 235888.46 | AI137: 245011.51 | AJ137: 254392.63 | AK137: 264035.54 | AL137: 273943.89 | AM137: 284121.26 | AN137: 294571.18 | AO137: 305297.11 | AP137: 316302.42 | AQ137: 327590.42 | AR137: 339164.36 | AS137: 351027.38 | AT137: 363182.56 | AU137: 375632.89 | AV137: 388381.25 | AW137: 401430.46 | AX137: 414783.23 | AY137: 428442.19 | AZ137: 442409.85 | BA137: 456688.64 | BB137: 471280.89 | BC137: 486188.81 | BD137: 501414.51 | BE137: 516960 | BF137: 532827.17 | BG137: 549017.82 | BH137: 565533.62 | BI137: 582376.12 | BJ137: 599546.79 | BK137: 617046.94 | BL137: 634877.79 | BM137: 653040.44 | BN137: 671535.86 | BO137: 690364.92 | BP137: 709528.36 | BQ137: 729026.79 | BR137: 748860.7 | BS137: 769030.49 | BT137: 789536.4 | BU137: 810378.56
A138: Peru | B138: =VLOOKUP(A138,'storage capacity'!$A$2:$C$195,3,FALSE) -> Other latin america | C138: 366752.53 | D138: 383031.25 | E138: 399862.49 | F138: 417257.63 | G138: 435228 | H138: 453784.86 | I138: 472939.45 | J138: 492702.94 | K138: 513086.42 | L138: 534100.92 | M138: 555757.35 | N138: 578066.56 | O138: 601039.25 | P138: 624686.03 | Q138: 649017.39 | R138: 674043.65 | S138: 699775.01 | T138: 726221.53 | U138: 753393.08 | V138: 781299.36 | W138: 809949.92 | X138: 839354.09 | Y138: 869521.03 | Z138: 900459.67 | AA138: 932178.76 | AB138: 964686.8 | AC138: 997992.08 | AD138: 1032102.7 | AE138: 1067026.3 | AF138: 1102770.7 | AG138: 1139343 | AH138: 1176750.4 | AI138: 1214999.6 | AJ138: 1254097.1 | AK138: 1294049.2 | AL138: 1334861.8 | AM138: 1376540.6 | AN138: 1419091 | AO138: 1462517.9 | AP138: 1506826.3 | AQ138: 1552020.4 | AR138: 1598104.7 | AS138: 1645082.7 | AT138: 1692958.2 | AU138: 1741734.2 | AV138: 1791413.7 | AW138: 1841999.3 | AX138: 1893493.1 | AY138: 1945897.2 | AZ138: 1999213 | BA138: 2053441.9 | BB138: 2108584.7 | BC138: 2164642.1 | BD138: 2221614.3 | BE138: 2279501.3 | BF138: 2338302.6 | BG138: 2398017.6 | BH138: 2458645.2 | BI138: 2520184 | BJ138: 2582632.2 | BK138: 2645988 | BL138: 2710248.8 | BM138: 2775412.1 | BN138: 2841474.8 | BO138: 2908433.7 | BP138: 2976285 | BQ138: 3045025 | BR138: 3114649.2 | BS138: 3185153.3 | BT138: 3256532.3 | BU138: 3328781.1
A139: Philippines | B139: =VLOOKUP(A139,'storage capacity'!$A$2:$C$195,3,FALSE) -> Other Asia pacific | C139: 715143.53 | D139: 770015.33 | E139: 828506.53 | F139: 890811.44 | G139: 957131.87 | H139: 1027677.2 | I139: 1102664.7 | J139: 1182319.3 | K139: 1266873.8 | L139: 1356569.4 | M139: 1451655 | N139: 1552387.9 | O139: 1659033.6 | P139: 1771865.9 | Q139: 1891166.9 | R139: 2017227.3 | S139: 2150345.9 | T139: 2290830 | U139: 2438995.6 | V139: 2595166.6 | W139: 2759675.7 | X139: 2932863.7 | Y139: 3115079.9 | Z139: 3306681.6 | AA139: 3508034.5 | AB139: 3719512.1 | AC139: 3941496.2 | AD139: 4174376.2 | AE139: 4418549.3 | AF139: 4674420.3 | AG139: 4942401.5 | AH139: 5222912.5 | AI139: 5516379.8 | AJ139: 5823237 | AK139: 6143924.3 | AL139: 6478888.6 | AM139: 6828582.7 | AN139: 7193465.6 | AO139: 7574002.1 | AP139: 7970662.4 | AQ139: 8383922 | AR139: 8814261.3 | AS139: 9262165.2 | AT139: 9728123.1 | AU139: 10212628 | AV139: 10716178 | AW139: 11239271 | AX139: 11782413 | AY139: 12346108 | AZ139: 12930865 | BA139: 13537194 | BB139: 14165606 | BC139: 14816613 | BD139: 15490730 | BE139: 16188469 | BF139: 16910344 | BG139: 17656869 | BH139: 18428555 | BI139: 19225913 | BJ139: 20049452 | BK139: 20899679 | BL139: 21777098 | BM139: 22682211 | BN139: 23615516 | BO139: 24577506 | BP139: 25568672 | BQ139: 26589498 | BR139: 27640465 | BS139: 28722046 | BT139: 29834712 | BU139: 30978923
A140: Poland | B140: =VLOOKUP(A140,'storage capacity'!$A$2:$C$195,3,FALSE) -> Country specific | C140: 1195422.5 | D140: 1263689.9 | E140: 1335134.1 | F140: 1409862.7 | G140: 1487984.9 | H140: 1569611.3 | I140: 1654854.5 | J140: 1743828.4 | K140: 1836648.4 | L140: 1933431.4 | M140: 2034295.6 | N140: 2139360.5 | O140: 2248746.8 | P140: 2362576.2 | Q140: 2480971.6 | R140: 2604056.9 | S140: 2731956.7 | T140: 2864796.6 | U140: 3002702.8 | V140: 3145802 | W140: 3294221.8 | X140: 3448089.8 | Y140: 3607534.2 | Z140: 3772683.3 | AA140: 3943665.7 | AB140: 4120609.9 | AC140: 4303644.4 | AD140: 4492897.5 | AE140: 4688497.3 | AF140: 4890571.4 | AG140: 5099247.1 | AH140: 5314651 | AI140: 5536909 | AJ140: 5766146.2 | AK140: 6002487 | AL140: 6246054.5 | AM140: 6496971 | AN140: 6755357.3 | AO140: 7021333.1 | AP140: 7295016.6 | AQ140: 7576524.4 | AR140: 7865971.6 | AS140: 8163471.6 | AT140: 8469135.9 | AU140: 8783074 | AV140: 9105393.6 | AW140: 9436200.1 | AX140: 9775596.8 | AY140: 10123685 | AZ140: 10480563 | BA140: 10846326 | BB140: 11221070 | BC140: 11604884 | BD140: 11997857 | BE140: 12400074 | BF140: 12811618 | BG140: 13232569 | BH140: 13663003 | BI140: 14102994 | BJ140: 14552612 | BK140: 15011925 | BL140: 15480998 | BM140: 15959889 | BN140: 16448658 | BO140: 16947358 | BP140: 17456040 | BQ140: 17974750 | BR140: 18503533 | BS140: 19042428 | BT140: 19591472 | BU140: 20150698
A141: Portugal | B141: =VLOOKUP(A141,'storage capacity'!$A$2:$C$195,3,FALSE) -> Country specific | C141: 394084.67 | D141: 410793.58 | E141: 428036.77 | F141: 445824.08 | G141: 464165.29 | H141: 483070.09 | I141: 502548.12 | J141: 522608.88 | K141: 543261.83 | L141: 564516.26 | M141: 586381.38 | N141: 608866.28 | O141: 631979.89 | P141: 655731.03 | Q141: 680128.34 | R141: 705180.34 | S141: 730895.36 | T141: 757281.57 | U141: 784346.97 | V141: 812099.37 | W141: 840546.38 | X141: 869695.42 | Y141: 899553.72 | Z141: 930128.28 | AA141: 961425.88 | AB141: 993453.1 | AC141: 1026216.3 | AD141: 1059721.5 | AE141: 1093974.7 | AF141: 1128981.4 | AG141: 1164747.1 | AH141: 1201276.8 | AI141: 1238575.4 | AJ141: 1276647.6 | AK141: 1315497.6 | AL141: 1355129.5 | AM141: 1395547.2 | AN141: 1436754.1 | AO141: 1478753.6 | AP141: 1521548.5 | AQ141: 1565141.5 | AR141: 1609535.1 | AS141: 1654731.3 | AT141: 1700732 | AU141: 1747538.7 | AV141: 1795152.6 | AW141: 1843574.8 | AX141: 1892805.8 | AY141: 1942845.9 | AZ141: 1993695.4 | BA141: 2045354 | BB141: 2097821 | BC141: 2151095.9 | BD141: 2205177.4 | BE141: 2260064.1 | BF141: 2315754.5 | BG141: 2372246.5 | BH141: 2429537.9 | BI141: 2487626.2 | BJ141: 2546508.5 | BK141: 2606181.9 | BL141: 2666642.9 | BM141: 2727887.8 | BN141: 2789912.9 | BO141: 2852713.9 | BP141: 2916286.5 | BQ141: 2980625.8 | BR141: 3045727 | BS141: 3111584.9 | BT141: 3178194 | BU141: 3245548.7
... A196: Zimbabwe | B196: =VLOOKUP(A196,'storage capacity'!$A$2:$C$195,3,FALSE) -> Sub-saharan africa | C196: 41191.533 | D196: 43789.895 | E196: 46524.539 | F196: 49400.906 | G196: 52424.56 | H196: 55601.195 | I196: 58936.625 | J196: 62436.787 | K196: 66107.738 | L196: 69955.654 | M196: 73986.825 | N196: 78207.657 | O196: 82624.664 | P196: 87244.471 | Q196: 92073.803 | R196: 97119.493 | S196: 102388.47 | T196: 107887.75 | U196: 113624.45 | V196: 119605.77 | W196: 125838.99 | X196: 132331.47 | Y196: 139090.65 | Z196: 146124.03 | AA196: 153439.17 | AB196: 161043.7 | AC196: 168945.31 | AD196: 177151.71 | AE196: 185670.69 | AF196: 194510.04 | AG196: 203677.61 | AH196: 213181.27 | AI196: 223028.9 | AJ196: 233228.41 | AK196: 243787.69 | AL196: 254714.67 | AM196: 266017.25 | AN196: 277703.32 | AO196: 289780.76 | AP196: 302257.43 | AQ196: 315141.15 | AR196: 328439.71 | AS196: 342160.86 | AT196: 356312.28 | AU196: 370901.63 | AV196: 385936.48 | AW196: 401424.33 | AX196: 417372.63 | AY196: 433788.72 | AZ196: 450679.88 | BA196: 468053.26 | BB196: 485915.95 | BC196: 504274.89 | BD196: 523136.95 | BE196: 542508.86 | BF196: 562397.23 | BG196: 582808.52 | BH196: 603749.09 | BI196: 625225.14 | BJ196: 647242.71 | BK196: 669807.71 | BL196: 692925.88 | BM196: 716602.81 | BN196: 740843.91 | BO196: 765654.42 | BP196: 791039.41 | BQ196: 817003.76 | BR196: 843552.17 | BS196: 870689.16 | BT196: 898419.05 | BU196: 926745.95
C198: 3 | D198: 4 | E198: =D198+1 -> 5 | F198: =E198+1 -> 6 | G198: =F198+1 -> 7 | H198: =G198+1 -> 8 | I198: =H198+1 -> 9 | J198: =I198+1 -> 10 | K198: =J198+1 -> 11 | L198: =K198+1 -> 12 | ... BU198: =BT198+1 -> 73
A199: ='storage capacity'!Q2 -> Sub-saharan africa | C199: =SUMIF($B$2:$B$196,$A199,C$2:C$196) -> 2156078.4 | D199: =SUMIF($B$2:$B$196,$A199,D$2:D$196) -> 2285823.9 | E199: =SUMIF($B$2:$B$196,$A199,E$2:E$196) -> 2422628.1 | F199: =SUMIF($B$2:$B$196,$A199,F$2:F$196) -> 2566816.8 | G199: =SUMIF($B$2:$B$196,$A199,G$2:G$196) -> 2718727.3 | H199: =SUMIF($B$2:$B$196,$A199,H$2:H$196) -> 2878708.2 | I199: =SUMIF($B$2:$B$196,$A199,I$2:I$196) -> 3047119.9 | J199: =SUMIF($B$2:$B$196,$A199,J$2:J$196) -> 3224334.7 | ... BU199: =SUMIF($B$2:$B$196,$A199,BU$2:BU$196) -> 56988754
A200: ='storage capacity'!Q3 -> Other eurasia | C200: =SUMIF($B$2:$B$196,$A200,C$2:C$196) -> 6849115 | D200: =SUMIF($B$2:$B$196,$A200,D$2:D$196) -> 7260499.9 | E200: =SUMIF($B$2:$B$196,$A200,E$2:E$196) -> 7693938.8 | F200: =SUMIF($B$2:$B$196,$A200,F$2:F$196) -> 8150436.8 | G200: =SUMIF($B$2:$B$196,$A200,G$2:G$196) -> 8631033.8 | H200: =SUMIF($B$2:$B$196,$A200,H$2:H$196) -> 9136804.9 | I200: =SUMIF($B$2:$B$196,$A200,I$2:I$196) -> 9668861.4 | J200: =SUMIF($B$2:$B$196,$A200,J$2:J$196) -> 10228351 | ... BU200: =SUMIF($B$2:$B$196,$A200,BU$2:BU$196) -> 1.7828377e+08
A201: ='storage capacity'!Q4 -> Other latin america | C201: =SUMIF($B$2:$B$196,$A201,C$2:C$196) -> 2628384.1 | D201: =SUMIF($B$2:$B$196,$A201,D$2:D$196) -> 2765419.1 | E201: =SUMIF($B$2:$B$196,$A201,E$2:E$196) -> 2908510.6 | F201: =SUMIF($B$2:$B$196,$A201,F$2:F$196) -> 3057869.3 | G201: =SUMIF($B$2:$B$196,$A201,G$2:G$196) -> 3213710.2 | H201: =SUMIF($B$2:$B$196,$A201,H$2:H$196) -> 3376253.2 | I201: =SUMIF($B$2:$B$196,$A201,I$2:I$196) -> 3545722.5 | J201: =SUMIF($B$2:$B$196,$A201,J$2:J$196) -> 3722347 | ... BU201: =SUMIF($B$2:$B$196,$A201,BU$2:BU$196) -> 41644475
A202: ='storage capacity'!Q5 -> Middle east | C202: =SUMIF($B$2:$B$196,$A202,C$2:C$196) -> 3477264.1 | D202: =SUMIF($B$2:$B$196,$A202,D$2:D$196) -> 3650452.9 | E202: =SUMIF($B$2:$B$196,$A202,E$2:E$196) -> 3831576.2 | F202: =SUMIF($B$2:$B$196,$A202,F$2:F$196) -> 4020923.4 | G202: =SUMIF($B$2:$B$196,$A202,G$2:G$196) -> 4218791.5 | H202: =SUMIF($B$2:$B$196,$A202,H$2:H$196) -> 4425486.1 | I202: =SUMIF($B$2:$B$196,$A202,I$2:I$196) -> 4641320.5 | J202: =SUMIF($B$2:$B$196,$A202,J$2:J$196) -> 4866616.5 | ... BU202: =SUMIF($B$2:$B$196,$A202,BU$2:BU$196) -> 57124891
A203: ='storage capacity'!Q6 -> Other Asia pacific | C203: =SUMIF($B$2:$B$196,$A203,C$2:C$196) -> 3905987.3 | D203: =SUMIF($B$2:$B$196,$A203,D$2:D$196) -> 4124319.4 | E203: =SUMIF($B$2:$B$196,$A203,E$2:E$196) -> 4353852.9 | F203: =SUMIF($B$2:$B$196,$A203,F$2:F$196) -> 4595086.1 | G203: =SUMIF($B$2:$B$196,$A203,G$2:G$196) -> 4848534.2 | H203: =SUMIF($B$2:$B$196,$A203,H$2:H$196) -> 5114729.7 | I203: =SUMIF($B$2:$B$196,$A203,I$2:I$196) -> 5394221.9 | J203: =SUMIF($B$2:$B$196,$A203,J$2:J$196) -> 5687577.8 | ... BU203: =SUMIF($B$2:$B$196,$A203,BU$2:BU$196) -> 89079192
A204: ='storage capacity'!Q7 -> Argentina | C204: =VLOOKUP($A204,$A$2:$BU$196,C$198,FALSE) -> 741024.4 | D204: =VLOOKUP($A204,$A$2:$BU$196,D$198,FALSE) -> 769131.4 | E204: =VLOOKUP($A204,$A$2:$BU$196,E$198,FALSE) -> 798012.77 | F204: =VLOOKUP($A204,$A$2:$BU$196,F$198,FALSE) -> 827678.99 | G204: =VLOOKUP($A204,$A$2:$BU$196,G$198,FALSE) -> 858140.36 | H204: =VLOOKUP($A204,$A$2:$BU$196,H$198,FALSE) -> 889406.99 | I204: =VLOOKUP($A204,$A$2:$BU$196,I$198,FALSE) -> 921488.78 | J204: =VLOOKUP($A204,$A$2:$BU$196,J$198,FALSE) -> 954395.39 | ... BU204: =VLOOKUP($A204,$A$2:$BU$196,BU$198,FALSE) -> 4901696
A205: ='storage capacity'!Q8 -> Australia | C205: =VLOOKUP($A205,$A$2:$BU$196,C$198,FALSE) -> 2295761.2 | D205: =VLOOKUP($A205,$A$2:$BU$196,D$198,FALSE) -> 2395576.7 | E205: =VLOOKUP($A205,$A$2:$BU$196,E$198,FALSE) -> 2498690.4 | F205: =VLOOKUP($A205,$A$2:$BU$196,F$198,FALSE) -> 2605166.9 | G205: =VLOOKUP($A205,$A$2:$BU$196,G$198,FALSE) -> 2715070.6 | H205: =VLOOKUP($A205,$A$2:$BU$196,H$198,FALSE) -> 2828465.4 | I205: =VLOOKUP($A205,$A$2:$BU$196,I$198,FALSE) -> 2945414.8 | J205: =VLOOKUP($A205,$A$2:$BU$196,J$198,FALSE) -> 3065981.9 | ... BU205: =VLOOKUP($A205,$A$2:$BU$196,BU$198,FALSE) -> 19932206
A206: ='storage capacity'!Q9 -> Belgium | C206: =VLOOKUP($A206,$A$2:$BU$196,C$198,FALSE) -> 810436.93 | D206: =VLOOKUP($A206,$A$2:$BU$196,D$198,FALSE) -> 845881.39 | E206: =VLOOKUP($A206,$A$2:$BU$196,E$198,FALSE) -> 882506.05 | F206: =VLOOKUP($A206,$A$2:$BU$196,F$198,FALSE) -> 920334.38 | G206: =VLOOKUP($A206,$A$2:$BU$196,G$198,FALSE) -> 959389.71 | H206: =VLOOKUP($A206,$A$2:$BU$196,H$198,FALSE) -> 999695.26 | I206: =VLOOKUP($A206,$A$2:$BU$196,I$198,FALSE) -> 1041274.1 | J206: =VLOOKUP($A206,$A$2:$BU$196,J$198,FALSE) -> 1084149.2 | ... BU206: =VLOOKUP($A206,$A$2:$BU$196,BU$198,FALSE) -> 7125313.9
A207: ='storage capacity'!Q10 -> Brazil | C207: =VLOOKUP($A207,$A$2:$BU$196,C$198,FALSE) -> 3025341.9 | D207: =VLOOKUP($A207,$A$2:$BU$196,D$198,FALSE) -> 3226971.1 | E207: =VLOOKUP($A207,$A$2:$BU$196,E$198,FALSE) -> 3439887.6 | F207: =VLOOKUP($A207,$A$2:$BU$196,F$198,FALSE) -> 3664582.7 | G207: =VLOOKUP($A207,$A$2:$BU$196,G$198,FALSE) -> 3901561.3 | H207: =VLOOKUP($A207,$A$2:$BU$196,H$198,FALSE) -> 4151341.6 | I207: =VLOOKUP($A207,$A$2:$BU$196,I$198,FALSE) -> 4414455.3 | J207: =VLOOKUP($A207,$A$2:$BU$196,J$198,FALSE) -> 4691447.3 | ... BU207: =VLOOKUP($A207,$A$2:$BU$196,BU$198,FALSE) -> 80825494
A208: ='storage capacity'!Q11 -> Canada | C208: =VLOOKUP($A208,$A$2:$BU$196,C$198,FALSE) -> 2896526.9 | D208: =VLOOKUP($A208,$A$2:$BU$196,D$198,FALSE) -> 3101031.8 | E208: =VLOOKUP($A208,$A$2:$BU$196,E$198,FALSE) -> 3317786.1 | F208: =VLOOKUP($A208,$A$2:$BU$196,F$198,FALSE) -> 3547371.8 | G208: =VLOOKUP($A208,$A$2:$BU$196,G$198,FALSE) -> 3790389.9 | H208: =VLOOKUP($A208,$A$2:$BU$196,H$198,FALSE) -> 4047459.5 | I208: =VLOOKUP($A208,$A$2:$BU$196,I$198,FALSE) -> 4319219 | J208: =VLOOKUP($A208,$A$2:$BU$196,J$198,FALSE) -> 4606325.2 | ... BU208: =VLOOKUP($A208,$A$2:$BU$196,BU$198,FALSE) -> 93585808
A209: ='storage capacity'!Q12 -> China | C209: =VLOOKUP($A209,$A$2:$BU$196,C$198,FALSE) -> 24944050 | D209: =VLOOKUP($A209,$A$2:$BU$196,D$198,FALSE) -> 26054304 | E209: =VLOOKUP($A209,$A$2:$BU$196,E$198,FALSE) -> 27202380 | F209: =VLOOKUP($A209,$A$2:$BU$196,F$198,FALSE) -> 28389058 | G209: =VLOOKUP($A209,$A$2:$BU$196,G$198,FALSE) -> 29615119 | H209: =VLOOKUP($A209,$A$2:$BU$196,H$198,FALSE) -> 30881341 | I209: =VLOOKUP($A209,$A$2:$BU$196,I$198,FALSE) -> 32188498 | J209: =VLOOKUP($A209,$A$2:$BU$196,J$198,FALSE) -> 33537360 | ... BU209: =VLOOKUP($A209,$A$2:$BU$196,BU$198,FALSE) -> 2.2777472e+08
A210: ='storage capacity'!Q13 -> Denmark | C210: =VLOOKUP($A210,$A$2:$BU$196,C$198,FALSE) -> 509516.67 | D210: =VLOOKUP($A210,$A$2:$BU$196,D$198,FALSE) -> 530191.67 | E210: =VLOOKUP($A210,$A$2:$BU$196,E$198,FALSE) -> 551490.47 | F210: =VLOOKUP($A210,$A$2:$BU$196,F$198,FALSE) -> 573423.34 | G210: =VLOOKUP($A210,$A$2:$BU$196,G$198,FALSE) -> 596000.43 | H210: =VLOOKUP($A210,$A$2:$BU$196,H$198,FALSE) -> 619231.78 | I210: =VLOOKUP($A210,$A$2:$BU$196,I$198,FALSE) -> 643127.29 | J210: =VLOOKUP($A210,$A$2:$BU$196,J$198,FALSE) -> 667696.73 | ... BU210: =VLOOKUP($A210,$A$2:$BU$196,BU$198,FALSE) -> 3837945.3
A211: ='storage capacity'!Q14 -> Egypt | C211: =VLOOKUP($A211,$A$2:$BU$196,C$198,FALSE) -> 472622.8 | D211: =VLOOKUP($A211,$A$2:$BU$196,D$198,FALSE) -> 496797.45 | E211: =VLOOKUP($A211,$A$2:$BU$196,E$198,FALSE) -> 521954.53 | F211: =VLOOKUP($A211,$A$2:$BU$196,F$198,FALSE) -> 548121.21 | G211: =VLOOKUP($A211,$A$2:$BU$196,G$198,FALSE) -> 575324.9 | H211: =VLOOKUP($A211,$A$2:$BU$196,H$198,FALSE) -> 603593.19 | I211: =VLOOKUP($A211,$A$2:$BU$196,I$198,FALSE) -> 632953.85 | J211: =VLOOKUP($A211,$A$2:$BU$196,J$198,FALSE) -> 663434.83 | ... BU211: =VLOOKUP($A211,$A$2:$BU$196,BU$198,FALSE) -> 5966035.6
A212: ='storage capacity'!Q15 -> Finland | C212: =VLOOKUP($A212,$A$2:$BU$196,C$198,FALSE) -> 378051.13 | D212: =VLOOKUP($A212,$A$2:$BU$196,D$198,FALSE) -> 391718.47 | E212: =VLOOKUP($A212,$A$2:$BU$196,E$198,FALSE) -> 405738.29 | F212: =VLOOKUP($A212,$A$2:$BU$196,F$198,FALSE) -> 420114.67 | G212: =VLOOKUP($A212,$A$2:$BU$196,G$198,FALSE) -> 434851.59 | H212: =VLOOKUP($A212,$A$2:$BU$196,H$198,FALSE) -> 449952.92 | I212: =VLOOKUP($A212,$A$2:$BU$196,I$198,FALSE) -> 465422.42 | J212: =VLOOKUP($A212,$A$2:$BU$196,J$198,FALSE) -> 481263.76 | ... BU212: =VLOOKUP($A212,$A$2:$BU$196,BU$198,FALSE) -> 2291475.8
A213: ='storage capacity'!Q16 -> France | C213: =VLOOKUP($A213,$A$2:$BU$196,C$198,FALSE) -> 3845393.1 | D213: =VLOOKUP($A213,$A$2:$BU$196,D$198,FALSE) -> 3976520.9 | E213: =VLOOKUP($A213,$A$2:$BU$196,E$198,FALSE) -> 4110764.2 | F213: =VLOOKUP($A213,$A$2:$BU$196,F$198,FALSE) -> 4248151.7 | G213: =VLOOKUP($A213,$A$2:$BU$196,G$198,FALSE) -> 4388711 | H213: =VLOOKUP($A213,$A$2:$BU$196,H$198,FALSE) -> 4532468.9 | I213: =VLOOKUP($A213,$A$2:$BU$196,I$198,FALSE) -> 4679451.2 | J213: =VLOOKUP($A213,$A$2:$BU$196,J$198,FALSE) -> 4829682.4 | ... BU213: =VLOOKUP($A213,$A$2:$BU$196,BU$198,FALSE) -> 21068853
...

Sheet lat lon
A1: Country | B1: Grouping | D1: Lat | E1: Lon
A2: ='storage capacity'!A2 -> Afghanistan | B2: ='storage capacity'!C2 -> Middle east | C2: #VALUE! | D2: 34.532778 | E2: 69.165833
A3: ='storage capacity'!A3 -> Albania | B3: ='storage capacity'!C3 -> Other eurasia | C3: #VALUE! | D3: 41.328889 | E3: 19.817778
A4: ='storage capacity'!A4 -> Algeria | B4: ='storage capacity'!C4 -> Middle east | C4: #VALUE! | D4: 36.776389 | E4: 3.0586111
A5: ='storage capacity'!A5 -> Andorra | B5: ='storage capacity'!C5 -> Other eurasia | C5: #VALUE! | D5: #VALUE! | E5: #VALUE!
A6: ='storage capacity'!A6 -> Angola | B6: ='storage capacity'!C6 -> Sub-saharan africa | C6: #VALUE! | D6: -8.8383333 | E6: 13.234444
A7: ='storage capacity'!A7 -> Antigua & Barbuda | B7: ='storage capacity'!C7 -> Other latin america | C7: #VALUE! | D7: 17.121111 | E7: -61.844722
A8: ='storage capacity'!A8 -> Argentina | B8: ='storage capacity'!C8 -> Country specific | C8: #VALUE! | D8: -34.6084 | E8: -58.4441
A9: ='storage capacity'!A9 -> Armenia | B9: ='storage capacity'!C9 -> Other eurasia | C9: #VALUE! | D9: #VALUE! | E9: #VALUE!
A10: ='storage capacity'!A10 -> Australia | B10: ='storage capacity'!C10 -> Country specific | C10: #VALUE! | D10: -35.293056 | E10: 149.12694
A11: ='storage capacity'!A11 -> Austria | B11: ='storage capacity'!C11 -> Other eurasia | C11: #VALUE! | D11: 48.2084 | E11: 16.3725
A12: ='storage capacity'!A12 -> Azerbaijan | B12: ='storage capacity'!C12 -> Other eurasia | C12: #VALUE! | D12: #VALUE! | E12: #VALUE!
A13: ='storage capacity'!A13 -> Bahamas | B13: ='storage capacity'!C13 -> Other latin america | C13: #VALUE! | D13: 25.078056 | E13: -77.338611
A14: ='storage capacity'!A14 -> Bahrain | B14: ='storage capacity'!C14 -> Middle east | C14: #VALUE! | D14: 26.225 | E14: 50.5775
A15: ='storage capacity'!A15 -> Bangladesh | B15: ='storage capacity'!C15 -> Other Asia pacific | C15: #VALUE! | D15: 23.728889 | E15: 90.394444
A16: ='storage capacity'!A16 -> Barbados | B16: ='storage capacity'!C16 -> Other latin america | C16: #VALUE! | D16: 13.0975 | E16: -59.616667
A17: ='storage capacity'!A17 -> Belarus | B17: ='storage capacity'!C17 -> Other eurasia | C17: #VALUE! | D17: #VALUE! | E17: #VALUE!
A18: ='storage capacity'!A18 -> Belgium | B18: ='storage capacity'!C18 -> Country specific | C18: #VALUE! | D18: 50.846667 | E18: 4.3516667
A19: ='storage capacity'!A19 -> Belize | B19: ='storage capacity'!C19 -> Other latin america | C19: #VALUE! | D19: 17.25 | E19: -88.7675
A20: ='storage capacity'!A20 -> Benin | B20: ='storage capacity'!C20 -> Sub-saharan africa | C20: #VALUE! | D20: 6.4833333 | E20: 2.6166667
A21: ='storage capacity'!A21 -> Bhutan | B21: ='storage capacity'!C21 -> Other Asia pacific | C21: #VALUE! | D21: 27.47135 | E21: 89.63367
A22: ='storage capacity'!A22 -> Bolivia | B22: ='storage capacity'!C22 -> Other latin america | C22: #VALUE! | D22: -19.0475 | E22: -65.26
A23: ='storage capacity'!A23 -> Bosnia & Herzegovina | B23: ='storage capacity'!C23 -> Other eurasia | C23: #VALUE! | D23: 43.856389 | E23: 18.413056
A24: ='storage capacity'!A24 -> Botswana | B24: ='storage capacity'!C24 -> Sub-saharan africa | C24: #VALUE! | D24: #VALUE! | E24: #VALUE!
A25: ='storage capacity'!A25 -> Brazil | B25: ='storage capacity'!C25 -> Country specific | C25: #VALUE! | D25: -15.793889 | E25: -47.882778
A26: ='storage capacity'!A26 -> Brunei | B26: ='storage capacity'!C26 -> Other Asia pacific | C26: #VALUE! | D26: 4.9166667 | E26: 114.91667
A27: ='storage capacity'!A27 -> Bulgaria | B27: ='storage capacity'!C27 -> Other eurasia | C27: #VALUE! | D27: 42.697886 | E27: 23.321726
A28: ='storage capacity'!A28 -> Burkina Faso | B28: ='storage capacity'!C28 -> Sub-saharan africa | C28: #VALUE! | D28: 12.368611 | E28: -1.5275
A29: ='storage capacity'!A29 -> Burundi | B29: ='storage capacity'!C29 -> Sub-saharan africa | C29: #VALUE! | D29: -3.4283333 | E29: 29.925
A30: ='storage capacity'!A30 -> Cabo Verde | B30: ='storage capacity'!C30 -> Sub-saharan africa | C30: #VALUE! | D30: 14.917719 | E30: -23.509156
A31: ='storage capacity'!A31 -> Cambodia | B31: ='storage capacity'!C31 -> Other Asia pacific | C31: #VALUE! | D31: #VALUE! | E31: #VALUE!
A32: ='storage capacity'!A32 -> Cameroon | B32: ='storage capacity'!C32 -> Sub-saharan africa | C32: #VALUE! | D32: 3.8577778 | E32: 11.518056
A33: ='storage capacity'!A33 -> Canada | B33: ='storage capacity'!C33 -> Country specific | C33: #VALUE! | D33: 45.424722 | E33: -75.695
A34: ='storage capacity'!A34 -> Central African Republic | B34: ='storage capacity'!C34 -> Sub-saharan africa | C34: #VALUE! | D34: #VALUE! | E34: #VALUE!
A35: ='storage capacity'!A35 -> Chad | B35: ='storage capacity'!C35 -> Sub-saharan africa | C35: #VALUE! | D35: #VALUE! | E35: #VALUE!
A36: ='storage capacity'!A36 -> Chile | B36: ='storage capacity'!C36 -> Other latin america | C36: #VALUE! | D36: -33.4375 | E36: -70.65
A37: ='storage capacity'!A37 -> China | B37: ='storage capacity'!C37 -> Country specific | C37: #VALUE! | D37: 40.1906 | E37: 116.4121
A38: ='storage capacity'!A38 -> Colombia | B38: ='storage capacity'!C38 -> Other latin america | C38: #VALUE! | D38: #VALUE! | E38: #VALUE!
A39: ='storage capacity'!A39 -> Comoros | B39: ='storage capacity'!C39 -> Sub-saharan africa | C39: #VALUE! | D39: -11.703611 | E39: 43.253611
A40: ='storage capacity'!A40 -> Congo | B40: ='storage capacity'!C40 -> Sub-saharan africa | C40: #VALUE! | D40: #VALUE! | E40: #VALUE!
A41: ='storage capacity'!A41 -> Costa Rica | B41: ='storage capacity'!C41 -> Other latin america | C41: #VALUE! | D41: 9.9325111 | E41: -84.079581
A42: ='storage capacity'!A42 -> Côte d'Ivoire | B42: ='storage capacity'!C42 -> Sub-saharan africa | C42: #VALUE! | D42: #VALUE! | E42: #VALUE!
A43: ='storage capacity'!A43 -> Croatia | B43: ='storage capacity'!C43 -> Other eurasia | C43: #VALUE! | D43: #VALUE! | E43: #VALUE!
A44: ='storage capacity'!A44 -> Cuba | B44: ='storage capacity'!C44 -> Other latin america | C44: #VALUE! | D44: #VALUE! | E44: #VALUE!
A45: ='storage capacity'!A45 -> Cyprus | B45: ='storage capacity'!C45 -> Other eurasia | C45: #VALUE! | D45: 35.1725 | E45: 33.365
A46: ='storage capacity'!A46 -> Czech Republic | B46: ='storage capacity'!C46 -> Other eurasia | C46: #VALUE! | D46: #VALUE! | E46: #VALUE!
A47: ='storage capacity'!A47 -> Denmark | B47: ='storage capacity'!C47 -> Country specific | C47: #VALUE! | D47: 55.676111 | E47: 12.568889
A48: ='storage capacity'!A48 -> Djibouti | B48: ='storage capacity'!C48 -> Sub-saharan africa | C48: #VALUE! | D48: #VALUE! | E48: #VALUE!
A49: ='storage capacity'!A49 -> Dominica | B49: ='storage capacity'!C49 -> Sub-saharan africa | C49: #VALUE! | D49: 15.3 | E49: -61.383333
A50: ='storage capacity'!A50 -> Dominican Republic | B50: ='storage capacity'!C50 -> Sub-saharan africa | C50: #VALUE! | D50: 18.476389 | E50: -69.893333
A51: ='storage capacity'!A51 -> DR Congo | B51: ='storage capacity'!C51 -> Sub-saharan africa | C51: #VALUE! | D51: #VALUE! | E51: #VALUE!
A52: ='storage capacity'!A52 -> Ecuador | B52: ='storage capacity'!C52 -> Other latin america | C52: #VALUE! | D52: -0.22 | E52: -78.5125
A53: ='storage capacity'!A53 -> Egypt | B53: ='storage capacity'!C53 -> Country specific | C53: #VALUE! | D53: 30.044444 | E53: 31.235833
A54: ='storage capacity'!A54 -> El Salvador | B54: ='storage capacity'!C54 -> Other latin america | C54: #VALUE! | D54: 13.698964 | E54: -89.191428
A55: ='storage capacity'!A55 -> Equatorial Guinea | B55: ='storage capacity'!C55 -> Sub-saharan africa | C55: #VALUE! | D55: 1.5916667 | E55: 10.822222
A56: ='storage capacity'!A56 -> Eritrea | B56: ='storage capacity'!C56 -> Sub-saharan africa | C56: #VALUE! | D56: 15.333333 | E56: 38.916667
A57: ='storage capacity'!A57 -> Estonia | B57: ='storage capacity'!C57 -> Other eurasia | C57: #VALUE! | D57: 59.437222 | E57: 24.745
A58: ='storage capacity'!A58 -> Eswatini | B58: ='storage capacity'!C58 -> Sub-saharan africa | C58: #VALUE! | D58: -26.44648 | E58: 31.206411
A59: ='storage capacity'!A59 -> Ethiopia | B59: ='storage capacity'!C59 -> Sub-saharan africa | C59: #VALUE! | D59: #VALUE! | E59: #VALUE!
A60: ='storage capacity'!A60 -> Fiji | B60: ='storage capacity'!C60 -> Other Asia pacific | C60: #VALUE! | D60: -18.133333 | E60: 178.43333
A61: ='storage capacity'!A61 -> Finland | B61: ='storage capacity'!C61 -> Country specific | C61: #VALUE! | D61: 60.170833 | E61: 24.9375
A62: ='storage capacity'!A62 -> France | B62: ='storage capacity'!C62 -> Country specific | C62: #VALUE! | D62: 48.856667 | E62: 2.3522222
A63: ='storage capacity'!A63 -> Gabon | B63: ='storage capacity'!C63 -> Sub-saharan africa | C63: #VALUE! | D63: 0.3901 | E63: 9.4544
A64: ='storage capacity'!A64 -> Gambia | B64: ='storage capacity'!C64 -> Sub-saharan africa | C64: #VALUE! | D64: #VALUE! | E64: #VALUE!
A65: ='storage capacity'!A65 -> Georgia | B65: ='storage capacity'!C65 -> Other eurasia | C65: #VALUE! | D65: #VALUE! | E65: #VALUE!
A66: ='storage capacity'!A66 -> Germany | B66: ='storage capacity'!C66 -> Country specific | C66: #VALUE! | D66: 52.5109 | E66: 13.3989
A67: ='storage capacity'!A67 -> Ghana | B67: ='storage capacity'!C67 -> Sub-saharan africa | C67: #VALUE! | D67: 5.5461111 | E67: -0.20666667
A68: ='storage capacity'!A68 -> Greece | B68: ='storage capacity'!C68 -> Other eurasia | C68: #VALUE! | D68: 37.984167 | E68: 23.728056
A69: ='storage capacity'!A69 -> Grenada | B69: ='storage capacity'!C69 -> Other latin america | C69: #VALUE! | D69: 12.044444 | E69: -61.741667
A70: ='storage capacity'!A70 -> Guatemala | B70: ='storage capacity'!C70 -> Other latin america | C70: #VALUE! | D70: 14.609861 | E70: -90.52525
A71: ='storage capacity'!A71 -> Guinea | B71: ='storage capacity'!C71 -> Sub-saharan africa | C71: #VALUE! | D71: #VALUE! | E71: #VALUE!
A72: ='storage capacity'!A72 -> Guinea-Bissau | B72: ='storage capacity'!C72 -> Sub-saharan africa | C72: #VALUE! | D72: #VALUE! | E72: #VALUE!
A73: ='storage capacity'!A73 -> Guyana | B73: ='storage capacity'!C73 -> Other latin america | C73: #VALUE! | D73: 6.8058333 | E73: -58.150833
A74: ='storage capacity'!A74 -> Haiti | B74: ='storage capacity'!C74 -> Other latin america | C74: #VALUE! | D74: 18.5425 | E74: -72.338611
A75: ='storage capacity'!A75 -> Honduras | B75: ='storage capacity'!C75 -> Other latin america | C75: #VALUE! | D75: 14.105714 | E75: -87.204008
A76: ='storage capacity'!A76 -> Hungary | B76: ='storage capacity'!C76 -> Other eurasia | C76: #VALUE! | D76: #VALUE! | E76: #VALUE!
A77: ='storage capacity'!A77 -> Iceland | B77: ='storage capacity'!C77 -> Country specific | C77: #VALUE! | D77: 64.1475 | E77: -21.935
A78: ='storage capacity'!A78 -> India | B78: ='storage capacity'!C78 -> Country specific | C78: #VALUE! | D78: 28.613895 | E78: 77.209006
A79: ='storage capacity'!A79 -> Indonesia | B79: ='storage capacity'!C79 -> Country specific | C79: #VALUE! | D79: -6.1754 | E79: 106.8272
A80: ='storage capacity'!A80 -> Iran | B80: ='storage capacity'!C80 -> Country specific | C80: #VALUE! | D80: 35.688889 | E80: 51.389722
A81: ='storage capacity'!A81 -> Iraq | B81: ='storage capacity'!C81 -> Middle east | C81: #VALUE! | D81: 33.315278 | E81: 44.366111
A82: ='storage capacity'!A82 -> Ireland | B82: ='storage capacity'!C82 -> Country specific | C82: #VALUE! | D82: 53.349722 | E82: -6.2602778
A83: ='storage capacity'!A83 -> Israel | B83: ='storage capacity'!C83 -> Middle east | C83: #VALUE! | D83: 31.778889 | E83: 35.225556
A84: ='storage capacity'!A84 -> Italy | B84: ='storage capacity'!C84 -> Country specific | C84: #VALUE! | D84: 41.893056 | E84: 12.482778
A85: ='storage capacity'!A85 -> Jamaica | B85: ='storage capacity'!C85 -> Other latin america | C85: #VALUE! | D85: 17.971389 | E85: -76.793056
A86: ='storage capacity'!A86 -> Japan | B86: ='storage capacity'!C86 -> Country specific | C86: #VALUE! | D86: 35.6769 | E86: 139.7639
A87: ='storage capacity'!A87 -> Jordan | B87: ='storage capacity'!C87 -> Middle east | C87: #VALUE! | D87: 31.95 | E87: 35.933333
A88: ='storage capacity'!A88 -> Kazakhstan | B88: ='storage capacity'!C88 -> Other eurasia | C88: #VALUE! | D88: #VALUE! | E88: #VALUE!
A89: ='storage capacity'!A89 -> Kenya | B89: ='storage capacity'!C89 -> Sub-saharan africa | C89: #VALUE! | D89: -1.2863889 | E89: 36.817222
A90: ='storage capacity'!A90 -> Kiribati | B90: ='storage capacity'!C90 -> Other Asia pacific | C90: #VALUE! | D90: #VALUE! | E90: #VALUE!
A91: ='storage capacity'!A91 -> Kuwait | B91: ='storage capacity'!C91 -> Middle east | C91: #VALUE! | D91: 29.375 | E91: 47.98
A92: ='storage capacity'!A92 -> Kyrgyzstan | B92: ='storage capacity'!C92 -> Other eurasia | C92: #VALUE! | D92: #VALUE! | E92: #VALUE!
A93: ='storage capacity'!A93 -> Laos | B93: ='storage capacity'!C93 -> Other Asia pacific | C93: #VALUE! | D93: 17.98 | E93: 102.63
A94: ='storage capacity'!A94 -> Latvia | B94: ='storage capacity'!C94 -> Other eurasia | C94: #VALUE! | D94: 56.9475 | E94: 24.106944
A95: ='storage capacity'!A95 -> Lebanon | B95: ='storage capacity'!C95 -> Middle east | C95: #VALUE! | D95: 33.886944 | E95: 35.513056
A96: ='storage capacity'!A96 -> Lesotho | B96: ='storage capacity'!C96 -> Sub-saharan africa | C96: #VALUE! | D96: -29.31 | E96: 27.48
A97: ='storage capacity'!A97 -> Liberia | B97: ='storage capacity'!C97 -> Sub-saharan africa | C97: #VALUE! | D97: 6.3105556 | E97: -10.804722
A98: ='storage capacity'!A98 -> Libya | B98: ='storage capacity'!C98 -> Middle east | C98: #VALUE! | D98: 32.871139 | E98: 13.17995
A99: ='storage capacity'!A99 -> Liechtenstein | B99: ='storage capacity'!C99 -> Other eurasia | C99: #VALUE! | D99: #VALUE! | E99: #VALUE!
A100: ='storage capacity'!A100 -> Lithuania | B100: ='storage capacity'!C100 -> Other eurasia | C100: #VALUE! | D100: 54.687222 | E100: 25.28
...

Sheet etc
C1: co2 tax | D1: nuclear readiness index | E1: ccs readiness | I1: co2 tax | J1: nuclear readiness index | W1: nuclear readiness index | X1: ccs readiness
A2: Afghanistan | B2: =VLOOKUP(A2,'storage capacity'!$A$2:$C$195,3,FALSE) -> Middle east | C2: 0 | D2: =VLOOKUP(A2,$V$2:$X$196,2,FALSE) -> 0 | E2: =VLOOKUP(A2,$V$2:$X$196,3,FALSE) -> 0 | H2: Sub-saharan africa | I2: =AVERAGEIF($B$2:$B$196,H2,$C$2:$C$196) -> 0 | J2: =ROUND(AVERAGEIF($B$2:$B$196,H2,$D$2:$D$196),0) -> 2 | K2: =ROUND(AVERAGEIF($B$2:$B$196,H2,$E$2:$E$196),0) -> 0 | V2: Afghanistan | W2: 0 | X2: 0
A3: Albania | B3: =VLOOKUP(A3,'storage capacity'!$A$2:$C$195,3,FALSE) -> Other eurasia | C3: 0 | D3: =VLOOKUP(A3,$V$2:$W$196,2,FALSE) -> 2 | E3: =VLOOKUP(A3,$V$2:$X$196,3,FALSE) -> 0 | H3: Other eurasia | I3: =AVERAGEIF($B$2:$B$196,H3,$C$2:$C$196) -> 5.6530556 | J3: =ROUND(AVERAGEIF($B$2:$B$196,H3,$D$2:$D$196),0) -> 3 | K3: =ROUND(AVERAGEIF($B$2:$B$196,H3,$E$2:$E$196),0) -> 7 | V3: Albania | W3: 2 | X3: 0
A4: Algeria | B4: =VLOOKUP(A4,'storage capacity'!$A$2:$C$195,3,FALSE) -> Middle east | C4: 0 | D4: =VLOOKUP(A4,$V$2:$W$196,2,FALSE) -> 4 | E4: =VLOOKUP(A4,$V$2:$X$196,3,FALSE) -> 0 | H4: Other latin america | I4: =AVERAGEIF($B$2:$B$196,H4,$C$2:$C$196) -> 6.3871429 | J4: =ROUND(AVERAGEIF($B$2:$B$196,H4,$D$2:$D$196),0) -> 2 | K4: =ROUND(AVERAGEIF($B$2:$B$196,H4,$E$2:$E$196),0) -> 0 | V4: Algeria | W4: 4 | X4: 0
A5: Andorra | B5: =VLOOKUP(A5,'storage capacity'!$A$2:$C$195,3,FALSE) -> Other eurasia | C5: 0 | D5: =VLOOKUP(A5,$V$2:$W$196,2,FALSE) -> 1 | E5: =VLOOKUP(A5,$V$2:$X$196,3,FALSE) -> 0 | H5: Middle east | I5: =AVERAGEIF($B$2:$B$196,H5,$C$2:$C$196) -> 0 | J5: =ROUND(AVERAGEIF($B$2:$B$196,H5,$D$2:$D$196),0) -> 2 | K5: =ROUND(AVERAGEIF($B$2:$B$196,H5,$E$2:$E$196),0) -> 0 | V5: Andorra | W5: 1 | X5: 0
A6: Angola | B6: =VLOOKUP(A6,'storage capacity'!$A$2:$C$195,3,FALSE) -> Sub-saharan africa | C6: 0 | D6: =VLOOKUP(A6,$V$2:$W$196,2,FALSE) -> 3 | E6: =VLOOKUP(A6,$V$2:$X$196,3,FALSE) -> 0 | H6: Other Asia pacific | I6: =AVERAGEIF($B$2:$B$196,H6,$C$2:$C$196) -> 0.97210526 | J6: =ROUND(AVERAGEIF($B$2:$B$196,H6,$D$2:$D$196),0) -> 2 | K6: =ROUND(AVERAGEIF($B$2:$B$196,H6,$E$2:$E$196),0) -> 0 | V6: Angola | W6: 3 | X6: 0
A7: Antigua & Barbuda | B7: =VLOOKUP(A7,'storage capacity'!$A$2:$C$195,3,FALSE) -> Other latin america | C7: 0 | D7: =VLOOKUP(A7,$V$2:$W$196,2,FALSE) -> 1 | E7: =VLOOKUP(A7,$V$2:$X$196,3,FALSE) -> 0 | H7: Argentina | I7: =VLOOKUP(H7,$A$2:$C$196,3,FALSE) -> 0.81 | J7: =VLOOKUP(H7,$A$2:$D$196,4,FALSE) -> 5 | K7: =VLOOKUP(H7,$A$2:$E$196,5,FALSE) -> 0 | V7: Antigua & Barbuda | W7: 1 | X7: 0
A8: Argentina | B8: =VLOOKUP(A8,'storage capacity'!$A$2:$C$195,3,FALSE) -> Country specific | C8: 0.81 | D8: =VLOOKUP(A8,$V$2:$W$196,2,FALSE) -> 5 | E8: =VLOOKUP(A8,$V$2:$X$196,3,FALSE) -> 0 | H8: Australia | I8: =VLOOKUP(H8,$A$2:$C$196,3,FALSE) -> 0 | J8: =VLOOKUP(H8,$A$2:$D$196,4,FALSE) -> 1 | K8: =VLOOKUP(H8,$A$2:$E$196,5,FALSE) -> 62 | V8: Argentina | W8: 5 | X8: 0
A9: Armenia | B9: =VLOOKUP(A9,'storage capacity'!$A$2:$C$195,3,FALSE) -> Other eurasia | C9: 0 | D9: =VLOOKUP(A9,$V$2:$W$196,2,FALSE) -> 5 | E9: =VLOOKUP(A9,$V$2:$X$196,3,FALSE) -> 0 | H9: Belgium | I9: =VLOOKUP(H9,$A$2:$C$196,3,FALSE) -> 0 | J9: =VLOOKUP(H9,$A$2:$D$196,4,FALSE) -> 5 | K9: =VLOOKUP(H9,$A$2:$E$196,5,FALSE) -> 0 | V9: Armenia | W9: 5 | X9: 0
A10: Australia | B10: =VLOOKUP(A10,'storage capacity'!$A$2:$C$195,3,FALSE) -> Country specific | C10: 0 | D10: =VLOOKUP(A10,$V$2:$W$196,2,FALSE) -> 1 | E10: =VLOOKUP(A10,$V$2:$X$196,3,FALSE) -> 62 | H10: Brazil | I10: =VLOOKUP(H10,$A$2:$C$196,3,FALSE) -> 0 | J10: =VLOOKUP(H10,$A$2:$D$196,4,FALSE) -> 5 | K10: =VLOOKUP(H10,$A$2:$E$196,5,FALSE) -> 42 | V10: Australia | W10: 1 | X10: 62
A11: Austria | B11: =VLOOKUP(A11,'storage capacity'!$A$2:$C$195,3,FALSE) -> Other eurasia | C11: 0 | D11: =VLOOKUP(A11,$V$2:$W$196,2,FALSE) -> 1 | E11: =VLOOKUP(A11,$V$2:$X$196,3,FALSE) -> 0 | H11: Canada | I11: =VLOOKUP(H11,$A$2:$C$196,3,FALSE) -> 58.94 | J11: =VLOOKUP(H11,$A$2:$D$196,4,FALSE) -> 5 | K11: =VLOOKUP(H11,$A$2:$E$196,5,FALSE) -> 71 | V11: Austria | W11: 1 | X11: 0
A12: Azerbaijan | B12: =VLOOKUP(A12,'storage capacity'!$A$2:$C$195,3,FALSE) -> Other eurasia | C12: 0 | D12: =VLOOKUP(A12,$V$2:$W$196,2,FALSE) -> 3 | E12: =VLOOKUP(A12,$V$2:$X$196,3,FALSE) -> 0 | H12: China | I12: =VLOOKUP(H12,$A$2:$C$196,3,FALSE) -> 0 | J12: =VLOOKUP(H12,$A$2:$D$196,4,FALSE) -> 5 | K12: =VLOOKUP(H12,$A$2:$E$196,5,FALSE) -> 53 | V12: Azerbaijan | W12: 3 | X12: 0
A13: Bahamas | B13: =VLOOKUP(A13,'storage capacity'!$A$2:$C$195,3,FALSE) -> Other latin america | C13: 0 | D13: =VLOOKUP(A13,$V$2:$W$196,2,FALSE) -> 1 | E13: =VLOOKUP(A13,$V$2:$X$196,3,FALSE) -> 0 | H13: Denmark | I13: =VLOOKUP(H13,$A$2:$C$196,3,FALSE) -> 28.2 | J13: =VLOOKUP(H13,$A$2:$D$196,4,FALSE) -> 1 | K13: =VLOOKUP(H13,$A$2:$E$196,5,FALSE) -> 56 | V13: Bahamas | W13: 1 | X13: 0
A14: Bahrain | B14: =VLOOKUP(A14,'storage capacity'!$A$2:$C$195,3,FALSE) -> Middle east | C14: 0 | D14: =VLOOKUP(A14,$V$2:$W$196,2,FALSE) -> 3 | E14: =VLOOKUP(A14,$V$2:$X$196,3,FALSE) -> 0 | H14: Egypt | I14: =VLOOKUP(H14,$A$2:$C$196,3,FALSE) -> 0 | J14: =VLOOKUP(H14,$A$2:$D$196,4,FALSE) -> 5 | K14: =VLOOKUP(H14,$A$2:$E$196,5,FALSE) -> 0 | V14: Bahrain | W14: 3 | X14: 0
A15: Bangladesh | B15: =VLOOKUP(A15,'storage capacity'!$A$2:$C$195,3,FALSE) -> Other Asia pacific | C15: 0 | D15: =VLOOKUP(A15,$V$2:$W$196,2,FALSE) -> 5 | E15: =VLOOKUP(A15,$V$2:$X$196,3,FALSE) -> 0 | H15: Finland | I15: =VLOOKUP(H15,$A$2:$C$196,3,FALSE) -> 99.98 | J15: =VLOOKUP(H15,$A$2:$D$196,4,FALSE) -> 5 | K15: =VLOOKUP(H15,$A$2:$E$196,5,FALSE) -> 0 | V15: Bangladesh | W15: 5 | X15: 0
A16: Barbados | B16: =VLOOKUP(A16,'storage capacity'!$A$2:$C$195,3,FALSE) -> Other latin america | C16: 0 | D16: =VLOOKUP(A16,$V$2:$W$196,2,FALSE) -> 1 | E16: =VLOOKUP(A16,$V$2:$X$196,3,FALSE) -> 0 | H16: France | I16: =VLOOKUP(H16,$A$2:$C$196,3,FALSE) -> 47.94 | J16: =VLOOKUP(H16,$A$2:$D$196,4,FALSE) -> 5 | K16: =VLOOKUP(H16,$A$2:$E$196,5,FALSE) -> 47 | V16: Barbados | W16: 1 | X16: 0
A17: Belarus | B17: =VLOOKUP(A17,'storage capacity'!$A$2:$C$195,3,FALSE) -> Other eurasia | C17: 0 | D17: =VLOOKUP(A17,$V$2:$W$196,2,FALSE) -> 1 | E17: =VLOOKUP(A17,$V$2:$X$196,3,FALSE) -> 0 | H17: Germany | I17: =VLOOKUP(H17,$A$2:$C$196,3,FALSE) -> 0 | J17: =VLOOKUP(H17,$A$2:$D$196,4,FALSE) -> 1 | K17: =VLOOKUP(H17,$A$2:$E$196,5,FALSE) -> 56 | V17: Belarus | W17: 1 | X17: 0
A18: Belgium | B18: =VLOOKUP(A18,'storage capacity'!$A$2:$C$195,3,FALSE) -> Country specific | C18: 0 | D18: =VLOOKUP(A18,$V$2:$W$196,2,FALSE) -> 5 | E18: =VLOOKUP(A18,$V$2:$X$196,3,FALSE) -> 0 | H18: Iceland | I18: =VLOOKUP(H18,$A$2:$C$196,3,FALSE) -> 36.5 | J18: =VLOOKUP(H18,$A$2:$D$196,4,FALSE) -> 3 | K18: =VLOOKUP(H18,$A$2:$E$196,5,FALSE) -> 0 | V18: Belgium | W18: 5 | X18: 0
... A44: Cuba | B44: =VLOOKUP(A44,'storage capacity'!$A$2:$C$195,3,FALSE) -> Other latin america | C44: 0 | D44: =VLOOKUP(A44,$V$2:$W$196,2,FALSE) -> 1 | E44: =VLOOKUP(A44,$V$2:$X$196,3,FALSE) -> 0 | H44: Vietnam | I44: =VLOOKUP(H44,$A$2:$C$196,3,FALSE) -> 0 | J44: =VLOOKUP(H44,$A$2:$D$196,4,FALSE) -> 5 | K44: =VLOOKUP(H44,$A$2:$E$196,5,FALSE) -> 0 | V44: Cuba | W44: 1 | X44: 0
A45: Cyprus | B45: =VLOOKUP(A45,'storage capacity'!$A$2:$C$195,3,FALSE) -> Other eurasia | C45: 0 | D45: =VLOOKUP(A45,$V$2:$W$196,2,FALSE) -> 3 | E45: =VLOOKUP(A45,$V$2:$X$196,3,FALSE) -> 0 | V45: Cyprus | W45: 3 | X45: 0
A46: Czech Republic | B46: =VLOOKUP(A46,'storage capacity'!$A$2:$C$195,3,FALSE) -> Other eurasia | C46: 0 | D46: =VLOOKUP(A46,$V$2:$W$196,2,FALSE) -> 5 | E46: =VLOOKUP(A46,$V$2:$X$196,3,FALSE) -> 41 | V46: Czech Republic | W46: 5 | X46: 41
A47: Denmark | B47: =VLOOKUP(A47,'storage capacity'!$A$2:$C$195,3,FALSE) -> Country specific | C47: 28.2 | D47: =VLOOKUP(A47,$V$2:$W$196,2,FALSE) -> 1 | E47: =VLOOKUP(A47,$V$2:$X$196,3,FALSE) -> 56 | V47: Denmark | W47: 1 | X47: 56
A48: Djibouti | B48: =VLOOKUP(A48,'storage capacity'!$A$2:$C$195,3,FALSE) -> Sub-saharan africa | C48: 0 | D48: =VLOOKUP(A48,$V$2:$W$196,2,FALSE) -> 1 | E48: =VLOOKUP(A48,$V$2:$X$196,3,FALSE) -> 0 | V48: Djibouti | W48: 1 | X48: 0
A49: Dominica | B49: =VLOOKUP(A49,'storage capacity'!$A$2:$C$195,3,FALSE) -> Sub-saharan africa | C49: 0 | D49: =VLOOKUP(A49,$V$2:$W$196,2,FALSE) -> 1 | E49: =VLOOKUP(A49,$V$2:$X$196,3,FALSE) -> 0 | V49: Dominica | W49: 1 | X49: 0
A50: Dominican Republic | B50: =VLOOKUP(A50,'storage capacity'!$A$2:$C$195,3,FALSE) -> Sub-saharan africa | C50: 0 | D50: =VLOOKUP(A50,$V$2:$W$196,2,FALSE) -> 3 | E50: =VLOOKUP(A50,$V$2:$X$196,3,FALSE) -> 0 | V50: Dominican Republic | W50: 3 | X50: 0
A51: DR Congo | B51: =VLOOKUP(A51,'storage capacity'!$A$2:$C$195,3,FALSE) -> Sub-saharan africa | C51: 0 | D51: =VLOOKUP(A51,$V$2:$W$196,2,FALSE) -> 0 | E51: =VLOOKUP(A51,$V$2:$X$196,3,FALSE) -> 0 | V51: DR Congo | W51: 0 | X51: 0
A52: Ecuador | B52: =VLOOKUP(A52,'storage capacity'!$A$2:$C$195,3,FALSE) -> Other latin america | C52: 0 | D52: =VLOOKUP(A52,$V$2:$W$196,2,FALSE) -> 3 | E52: =VLOOKUP(A52,$V$2:$X$196,3,FALSE) -> 0 | V52: Ecuador | W52: 3 | X52: 0
A53: Egypt | B53: =VLOOKUP(A53,'storage capacity'!$A$2:$C$195,3,FALSE) -> Country specific | C53: 0 | D53: =VLOOKUP(A53,$V$2:$W$196,2,FALSE) -> 5 | E53: =VLOOKUP(A53,$V$2:$X$196,3,FALSE) -> 0 | V53: Egypt | W53: 5 | X53: 0
A54: El Salvador | B54: =VLOOKUP(A54,'storage capacity'!$A$2:$C$195,3,FALSE) -> Other latin america | C54: 0 | D54: =VLOOKUP(A54,$V$2:$W$196,2,FALSE) -> 3 | E54: =VLOOKUP(A54,$V$2:$X$196,3,FALSE) -> 0 | V54: El Salvador | W54: 3 | X54: 0
A55: Equatorial Guinea | B55: =VLOOKUP(A55,'storage capacity'!$A$2:$C$195,3,FALSE) -> Sub-saharan africa | C55: 0 | D55: =VLOOKUP(A55,$V$2:$W$196,2,FALSE) -> 2 | E55: =VLOOKUP(A55,$V$2:$X$196,3,FALSE) -> 0 | V55: Equatorial Guinea | W55: 2 | X55: 0
A56: Eritrea | B56: =VLOOKUP(A56,'storage capacity'!$A$2:$C$195,3,FALSE) -> Sub-saharan africa | C56: 0 | D56: =VLOOKUP(A56,$V$2:$W$196,2,FALSE) -> 1 | E56: =VLOOKUP(A56,$V$2:$X$196,3,FALSE) -> 0 | V56: Eritrea | W56: 1 | X56: 0
... A196: Zimbabwe | B196: =VLOOKUP(A196,'storage capacity'!$A$2:$C$195,3,FALSE) -> Sub-saharan africa | C196: 0 | D196: =VLOOKUP(A196,$V$2:$W$196,2,FALSE) -> 3 | E196: =VLOOKUP(A196,$V$2:$X$196,3,FALSE) -> 0 | V196: Zimbabwe | W196: 3 | X196: 0
